/*
 Navicat Premium Data Transfer

 Source Server         : MS SQL Server
 Source Server Type    : SQL Server
 Source Server Version : 14001000
 Source Host           : smlogx:1433
 Source Catalog        : TelMarketing
 Source Schema         : dbo

 Target Server Type    : SQL Server
 Target Server Version : 14001000
 File Encoding         : 65001

 Date: 28/03/2018 20:07:38
*/


-- ----------------------------
-- Table structure for sysdiagrams
-- ----------------------------
IF EXISTS (SELECT * FROM sys.all_objects WHERE object_id = OBJECT_ID(N'[dbo].[sysdiagrams]') AND type IN ('U'))
	DROP TABLE [dbo].[sysdiagrams]
GO

CREATE TABLE [dbo].[sysdiagrams] (
  [name] sysname  NOT NULL,
  [principal_id] int  NOT NULL,
  [diagram_id] int  IDENTITY(1,1) NOT NULL,
  [version] int  NULL,
  [definition] varbinary(max)  NULL
)
GO

ALTER TABLE [dbo].[sysdiagrams] SET (LOCK_ESCALATION = TABLE)
GO


-- ----------------------------
-- Records of sysdiagrams
-- ----------------------------
SET IDENTITY_INSERT [dbo].[sysdiagrams] ON
GO

INSERT INTO [dbo].[sysdiagrams] ([name], [principal_id], [diagram_id], [version], [definition]) VALUES (N'Relationships', N'1', N'1', N'1', 0xD0CF11E0A1B11AE1000000000000000000000000000000003E000300FEFF0900060000000000000000000000010000000100000000000000001000000200000001000000FEFFFFFF0000000000000000FFFFFFFFFFFFFFFFFFFFFFFFFFFFFFFFFFFFFFFFFFFFFFFFFFFFFFFFFFFFFFFFFFFFFFFFFFFFFFFFFFFFFFFFFFFFFFFFFFFFFFFFFFFFFFFFFFFFFFFFFFFFFFFFFFFFFFFFFFFFFFFFFFFFFFFFFFFFFFFFFFFFFFFFFFFFFFFFFFFFFFFFFFFFFFFFFFFFFFFFFFFFFFFFFFFFFFFFFFFFFFFFFFFFFFFFFFFFFFFFFFFFFFFFFFFFFFFFFFFFFFFFFFFFFFFFFFFFFFFFFFFFFFFFFFFFFFFFFFFFFFFFFFFFFFFFFFFFFFFFFFFFFFFFFFFFFFFFFFFFFFFFFFFFFFFFFFFFFFFFFFFFFFFFFFFFFFFFFFFFFFFFFFFFFFFFFFFFFFFFFFFFFFFFFFFFFFFFFFFFFFFFFFFFFFFFFFFFFFFFFFFFFFFFFFFFFFFFFFFFFFFFFFFFFFFFFFFFFFFFFFFFFFFFFFFFFFFFFFFFFFFFFFFFFFFFFFFFFFFFFFFFFFFFFFFFFFFFFFFFFFFFFFFFFFFFFFFFFFFFFFFFFFFFFFFFFFFFFFFFFFFFFFFFFFFFFFFFFFFFFFFFFFFFFFFFFFFFFFFFFFFFFFFFFFFFFFFFFFFFFFFFFFFFFFFFFFFFFFFFFFFFFFFFFFFFFFFFFFFFFFFFFFFFFFFFFFFFFFFFFFFFFFFFFFFFFFFFFFFFFFFFFFFFFFFFFFFFFFFFFFFFFFFFFFFFFFFFFFFFFFFFFFFFFFFFFFFFFFFFFFFFFFFFFFFFFFFFFFFFFFFFFFFFFFFFFFFFFFFFFFFFFFFFFFFFFFFFFFFFFFFFFFFFFFFFFFFFFFFFFFFFFDFFFFFF1F000000FEFFFFFF0400000005000000060000000700000008000000090000000A000000300000000C0000000D0000000E0000000F000000100000001100000012000000130000001400000015000000160000001700000018000000190000001A0000001B0000001C0000001D0000001E000000FEFFFFFFFEFFFFFF2100000022000000230000002400000025000000260000002700000028000000290000002A0000002B0000002C0000002D0000002E0000002F000000FEFFFFFF31000000FEFFFFFFFFFFFFFFFFFFFFFFFFFFFFFFFFFFFFFFFFFFFFFFFFFFFFFFFFFFFFFFFFFFFFFFFFFFFFFFFFFFFFFFFFFFFFFFFFFFFFFFFFFFFFFFFFFFFFFFFFFFFFFFFFFFFFFFFFFFFFFFFFFFFFFFFFFFFFFFFFFFFFFFFFFFFFFFFFFFFFFFFFFFFFFFFFFFFFFFFFFFFFFFFFFFFFFFFFFFFFFFFFFFFFFFFFFFFFFFFFFFFFFFFFFFFFFFFFFFFFFFFFFFFFFFFFFFFFFFFFFFFFFFFFFFFFFFFFFFFFFFFFFFFFFFFFFFFFFFFFFFFFFFFFFFFFFFFFFFFFFFFFFFFFFFFFFFFFFFFFFFFFFFFFFFFFFFFFFFFFFFFFFFFFFFFFFFFFFFFFFFFFFFFFFFFFFFFFFFFFFFFFFFFFFFFFFFFFFFFFFFFFFFFFFFFFFFFFFFFFFFFFFFFFFFFFFFFFFFFFFFFFFFFFFFFFFFFFFFFFFFFFFFFFFFFFFFFFFFFFFFFFFFFFFFFFFFFFFFFFFFFFFFFFFFFFFFFFFFFFFFFFFFFFFFFFFFFFFFFFFFFFFFFFFFFFFFFFFFFFFFFFFFFFFFFFFFFFFFFFFFFFFFFFFF52006F006F007400200045006E00740072007900000000000000000000000000000000000000000000000000000000000000000000000000000000000000000016000500FFFFFFFFFFFFFFFF0200000000000000000000000000000000000000000000000000000000000000C075239342B5D3010300000080130000000000006600000000000000000000000000000000000000000000000000000000000000000000000000000000000000000000000000000000000000000000000000000004000201FFFFFFFFFFFFFFFFFFFFFFFF000000000000000000000000000000000000000000000000000000000000000000000000000000002E0E0000000000006F000000000000000000000000000000000000000000000000000000000000000000000000000000000000000000000000000000000000000000000000000000040002010100000004000000FFFFFFFF0000000000000000000000000000000000000000000000000000000000000000000000000B0000009727000000000000010043006F006D0070004F0062006A0000000000000000000000000000000000000000000000000000000000000000000000000000000000000000000000000012000201FFFFFFFFFFFFFFFFFFFFFFFF000000000000000000000000000000000000000000000000000000000000000000000000390000005F000000000000000100000002000000030000000400000005000000060000000700000008000000090000000A0000000B0000000C0000000D0000000E0000000F000000100000001100000012000000130000001400000015000000160000001700000018000000190000001A0000001B0000001C0000001D0000001E0000001F000000200000002100000022000000230000002400000025000000260000002700000028000000290000002A0000002B0000002C0000002D0000002E0000002F000000300000003100000032000000330000003400000035000000360000003700000038000000FEFFFFFF3A000000FEFFFFFFFEFFFFFF3D0000003E0000003F000000400000004100000042000000430000004400000045000000460000004700000048000000490000004A0000004B0000004C000000FEFFFFFFFEFFFFFFFFFFFFFFFFFFFFFFFFFFFFFFFFFFFFFFFFFFFFFFFFFFFFFFFFFFFFFFFFFFFFFFFFFFFFFFFFFFFFFFFFFFFFFFFFFFFFFFFFFFFFFFFFFFFFFFFFFFFFFFFFFFFFFFFFFFFFFFFFFFFFFFFFFFFFFFFFFFFFFFFFFFFFFFFFFFFFFFFFFFFFFFFFFFFFFFFFFFFFFFFFFFFFFFFFFFFFFFFFFFFFFFFFFFFFFFFFFFFFFFFFFFFFFFFFFFFFFFFFFFFFFFFFFFFFFFFFFFFFFFFFFFFFFFFFFFFFFFFFFFFFFFFFFFFFFFFFFFFFFFFFFFFFFFFFFFFFFFFFFFFFFFFFFFFFFFFFFFFFFFFFFFFFFFFFFFFFFFFFFFFFFFFFFFFFFFFFFFFFFF000430000A1E100C050000802C0000000F00FFFF2C000000007D00003A620000DA470000E8F60000E70F0100AF47000089910000DE805B10F195D011B0A000AA00BDCB5C0000080030000000000200000300000038002B00000009000000D9E6B0E91C81D011AD5100A0C90F5739F43B7F847F61C74385352986E1D552F8A0327DB2D86295428D98273C25A2DA2D00002C0043200000000000000000000053444DD2011FD1118E63006097D2DF4834C9D2777977D811907000065B840D9C00002C0043200000000000000000000051444DD2011FD1118E63006097D2DF4834C9D2777977D811907000065B840D9C2C000000380D000000AC010000003000A50900000700008001000000A002000000800000070000805363684772696400666C00001E78000074626C5F6B69640000003400A50900000700008002000000AA020000008000000C00008053636847726964000EB500009ABF000074626C5F6C6F636174696F6E00003400A50900000700008003000000A40200000080000009000080536368477269640012480000A893000074626C5F6D6461746100000000007000A50900000700008004000000620000000180000047000080436F6E74726F6C00A7540000AD87000052656C6174696F6E736869702027666B5F74626C5F6D646174615F74626C5F6B69645F3127206265747765656E202774626C5F6B69642720616E64202774626C5F6D64617461270000002800B50100000700008005000000310000005F00000002800000436F6E74726F6C00E05800008B8A000000003000A50900000700008006000000A0020000008000000700008053636847726964003C5A00000000000074626C5F6D6F6D0000007800A5090000070000800700000062000000018000004D000080436F6E74726F6C00556A00006F1D000052656C6174696F6E736869702027666B5F74626C5F6D6F6D5F74626C5F6C6F636174696F6E5F3127206265747765656E202774626C5F6C6F636174696F6E2720616E64202774626C5F6D6F6D27006D0000002800B50100000700008008000000310000006500000002800000436F6E74726F6C0037C30000DD42000000006C00A50900000700008009000000620000000180000043000080436F6E74726F6C00B5660000731D000052656C6174696F6E736869702027666B5F74626C5F6B69645F74626C5F6D6F6D5F3127206265747765656E202774626C5F6D6F6D2720616E64202774626C5F6B6964270000002800B5010000070000800A000000310000005B00000002800000436F6E74726F6C00ED6D00005643000000003000A5090000070000800B000000A202000000800000080000805363684772696400124800005E65000074626C5F6E616D6500007800A5090000070000800C00000062000000018000004E000080436F6E74726F6C00B06100000D69000052656C6174696F6E736869702027464B5F5F74626C5F6B69645F5F6E616D655F69645F5F313746373930463927206265747765656E202774626C5F6E616D652720616E64202774626C5F6B696427008000002800B5010000070000800D000000310000006F00000002800000436F6E74726F6C0025580000CC78000000007800A5090000070000800E00000062000000018000004E000080436F6E74726F6C00F55300006F1D000052656C6174696F6E736869702027464B5F5F74626C5F6D6F6D5F5F6E616D655F69645F5F313845424235333227206265747765656E202774626C5F6E616D652720616E64202774626C5F6D6F6D27000000002800B5010000070000800F000000310000006F00000002800000436F6E74726F6C003B560000503B000000003400A50900000700008010000000AA020000008000000C0000805363684772696400542400009A29000074626C5F707265676E656E7400007800A5090000070000801100000062000000018000004D000080436F6E74726F6C0053300000731D000052656C6174696F6E736869702027666B5F74626C5F707265676E656E745F74626C5F6D6F6D5F3127206265747765656E202774626C5F6D6F6D2720616E64202774626C5F707265676E656E742700000000002800B50100000700008012000000310000006500000002800000436F6E74726F6C00E03D00008F24000000003400A50900000700008013000000A8020000008000000B000080536368477269640054240000D449000074626C5F70726F647563740000007800A5090000070000801400000062000000018000004F000080436F6E74726F6C00373000006359000052656C6174696F6E736869702027666B5F74626C5F6D646174615F74626C5F70726F647563745F3127206265747765656E202774626C5F70726F647563742720616E64202774626C5F6D64617461270000002800B50100000700008015000000310000006700000002800000436F6E74726F6C003C3200003C8D000000008000A50900000700008016000000520000000180000055000080436F6E74726F6C0037300000C63D000052656C6174696F6E736869702027666B5F74626C5F707265676E656E745F74626C5F70726F647563745F3127206265747765656E202774626C5F70726F647563742720616E64202774626C5F707265676E656E742700000000002800B50100000700008017000000310000006D00000002800000436F6E74726F6C00712100009344000000003400A50900000700008018000000A402000000800000090000805363684772696400BA900000E2B3000074626C5F726566657200000000007C00A50900000700008019000000520000000180000051000080436F6E74726F6C0058AA000049C3000052656C6174696F6E736869702027666B5F74626C5F72656665725F74626C5F6C6F636174696F6E5F3127206265747765656E202774626C5F6C6F636174696F6E2720616E64202774626C5F726566657227656E7400002800B5010000070000801A000000310000006900000002800000436F6E74726F6C00BAA90000DEC2000000007800A5090000070000801B000000620000000180000050000080436F6E74726F6C00B06100004B67000052656C6174696F6E736869702027464B5F5F74626C5F72656665725F5F6E616D655F5F5F313630463438383727206265747765656E202774626C5F6E616D652720616E64202774626C5F72656665722700002800B5010000070000801C000000310000006F00000002800000436F6E74726F6C00367600001788000000007000A5090000070000801D000000620000000180000047000080436F6E74726F6C00936800006F1D000052656C6174696F6E736869702027666B5F74626C5F6D6F6D5F74626C5F72656665725F3127206265747765656E202774626C5F72656665722720616E64202774626C5F6D6F6D270000002800B5010000070000801E000000310000005F00000002800000436F6E74726F6C00E39E0000244E000000003800A5090000070000801F000000AE020000008000000E0000805363684772696400BA900000D4DF000074626C5F72656665725F74797065000000008000A50900000700008020000000520000000180000055000080436F6E74726F6C009D9C0000A1D3000052656C6174696F6E736869702027666B5F74626C5F72656665725F74626C5F72656665725F747970655F3127206265747765656E202774626C5F72656665725F747970652720616E64202774626C5F72656665722700000000002800B50100000700008021000000310000006D00000002800000436F6E74726F6C00E39E00006FDA000000003000A50900000700008022000000A20200000080000008000080536368477269640000000000BC7F000074626C5F7573657200007800A5090000070000802300000062000000018000004F000080436F6E74726F6C009E1900007768000052656C6174696F6E736869702027464B5F5F74626C5F757365725F5F66756C6C6E615F5F313730333643433027206265747765656E202774626C5F6E616D652720616E64202774626C5F75736572270000002800B50100000700008024000000310000006F00000002800000436F6E74726F6C00011000003C71000000007400A50900000700008025000000620000000180000049000080436F6E74726F6C009E190000DD89000052656C6174696F6E736869702027666B5F74626C5F72656665725F74626C5F757365725F3127206265747765656E202774626C5F757365722720616E64202774626C5F726566657227E3A09F00002800B50100000700008026000000310000006100000002800000436F6E74726F6C003A290000BBC6000000007000A50900000700008027000000620000000180000045000080436F6E74726F6C00E30B00006F1D000052656C6174696F6E736869702027666B5F74626C5F6D6F6D5F74626C5F757365725F3127206265747765656E202774626C5F757365722720616E64202774626C5F6D6F6D2700000000002800B50100000700008028000000310000005D00000002800000436F6E74726F6C00420F0000F526000000007400A50900000700008029000000620000000180000049000080436F6E74726F6C009E1900001B88000052656C6174696F6E736869702027666B5F74626C5F6D646174615F74626C5F757365725F3127206265747765656E202774626C5F757365722720616E64202774626C5F6D6461746127E3839F00002800B5010000070000802A000000310000006100000002800000436F6E74726F6C00191D00000FA0000000007800A5090000070000802B00000062000000018000004F000080436F6E74726F6C009E190000D733000052656C6174696F6E736869702027666B5F74626C5F707265676E656E745F74626C5F757365725F3127206265747765656E202774626C5F757365722720616E64202774626C5F707265676E656E74270000002800B5010000070000802C000000310000006700000002800000436F6E74726F6C72E12100002F4D00000000000000000000000000000000000000000100FEFF030A0000FFFFFFFF00000000000000000000000000000000170000004D6963726F736F66742044445320466F726D20322E300010000000456D626564646564204F626A6563740000000000F439B271000000000000000000000000000000000000000000000000000000000000000000000000000000000000000000010003000000000000000C0000000B0000004E61BC00000000000000000000000000000000000000000000000000000000000000000000000000000000000000DBE6B0E91C81D011AD5100A0C90F5739000002005064229342B5D301020200001048450000000000000000000000000000000000C40100004400610074006100200053006F0075007200630065003D0053004D004C004F00470058003B0049006E0069007400690061006C00200043006100740061006C006F0067003D00540065006C004D00610072006B006500740069006E0067003B0049006E00740065006700720061007400650064002000530065006300750072006900740079003D0054007200750065003B004D0075006C007400690070006C00650041006300740069007600650052006500730075006C00740053006500740073003D00460061002143341208000000CA1A000046120000785634120700000014010000740062006C005F006B00690064000000000000003C370000000000008E3A0000000000000000000000000000000000000000000000802B000480000001000000000000000000000000000000000000000000000000000000000000000000000000000000000000000000000000000000000000000000000000000000000000000000000000000000000000000000000000000000000000000000000000000000000000000000000000000000000000000000000000000000000000000000000000000000000000000000000000000000000000000000000000000000000000000000000000000000000000000000000000000000000000000100000005000000540000002C0000002C0000002C00000034000000000000000000000083330000FC160000000000002D010000080000000C000000070000001C010000940B0000780900003804000040050000A803000054060000E0070000BC040000E0070000FC090000D80600000000000001000000CA1A00004612000000000000060000000600000002000000020000001C010000800D000000000000010000007B1700009709000000000000030000000300000002000000020000001C010000940B000001000000000000007B170000E502000000000000000000000000000002000000020000001C010000940B00000000000000000000AC3E00002622000000000000000000000D00000004000000040000001C010000940B0000B00D00007008000078563412040000005800000001000000010000000B000000000000000100000002000000030000000400000005000000060000000700000008000000090000000A00000004000000640062006F00000008000000740062006C005F006B006900640000002143341208000000CA1A0000540B0000785634120700000014010000740062006C005F006C006F0063006100740069006F006E000000000085000000010000000300000005000000E0FFFFFF000000008100000085000000030000000000000000000000E0FFFFFF000000008C00000093000000010000000300000005000000E0FFFFFF00000000A1000000BF000000010000000300000005000000E0FFFFFF0000000047000000BF000000080000000300000005000000D4FFFFFF000000004C0000002E010000070000000300000005000000D8FFFFFF00000000520000002E010000060000000300000005000000DCFFFFFF000000000F0000006101000000000000030000000500000000000000000000000100000005000000540000002C0000002C0000002C00000034000000000000000000000083330000C1140000000000002D010000070000000C000000070000001C010000940B0000780900003804000040050000A803000054060000E0070000BC040000E0070000FC090000D80600000000000001000000CA1A0000540B000000000000030000000300000002000000020000001C010000800D000000000000010000007B1700002005000000000000010000000100000002000000020000001C010000940B000001000000000000007B170000E502000000000000000000000000000002000000020000001C010000940B00000000000000000000AC3E00002622000000000000000000000D00000004000000040000001C010000940B0000B00D00007008000078563412040000006200000001000000010000000B000000000000000100000002000000030000000400000005000000060000000700000008000000090000000A00000004000000640062006F0000000D000000740062006C005F006C006F0063006100740069006F006E0000002143341208000000CA1A0000E7160000785634120700000014010000740062006C005F006D0064006100740061000000F618000000000000FF1D0000000000000000000000000000000000000000000000F011000480000001000000000000000000000000000000000000000000000000000000000000000000000000000000000000000000000000000000000000000000000000000000000000000000000000000000000000000000000000000000000000000000000000000000000000000000000000000000000000000000000000000000000000000000000000000000000000000000000000000000000000000000000000000000000000000000000000000000000000000000000000000000000000000100000005000000540000002C0000002C0000002C00000034000000000000000000000083330000731B0000000000002D0100000A0000000C000000070000001C010000940B0000780900003804000040050000A803000054060000E0070000BC040000E0070000FC090000D80600000000000001000000CA1A0000E716000000000000080000000800000002000000020000001C010000800D000000000000010000007B170000D30B000000000000040000000400000002000000020000001C010000940B000001000000000000007B170000E502000000000000000000000000000002000000020000001C010000940B00000000000000000000AC3E00002622000000000000000000000D00000004000000040000001C010000940B0000B00D00007008000078563412040000005C00000001000000010000000B000000000000000100000002000000030000000400000005000000060000000700000008000000090000000A00000004000000640062006F0000000A000000740062006C005F006D006400610074006100000004000B00E0790000648A0000E07900008D8C0000225600008D8C000022560000A89300000000000002000000F0F0F00000000000000000000000000000000000010000000500000000000000E05800008B8A0000E50B00005301000032000000010000020000E50B0000530100000200000000000500008008000080010000001500010000009001B0300100065461686F6D61160066006B005F00740062006C005F006D0064006100740061005F00740062006C005F006B00690064005F0031002143341208000000CA1A00002A200000785634120700000014010000740062006C005F006D006F006D000000000000000600000020000000900100000000000078000000780000002000FDFF1F002000000000270000000000020B0604030504040204254000000008000000010000000000000000000000000800000A000000FDFFFFFF000000000700000003000000F8FFFFFF0D00000018000000FBFFFFFF0D000000FDFFFFFF00000000090000000900000008000000000000000200000009000000080000000000000006000000010000000400000001000000FFFFFFFFD8000000E6000000F4000000040100005400610068006F006D00610000005400610068006F006D006100000000000000000000000100000005000000540000002C0000002C0000002C00000034000000000000000000000083330000B6240000000000002D0100000D0000000C000000070000001C010000940B0000780900003804000040050000A803000054060000E0070000BC040000E0070000FC090000D80600000000000001000000CA1A00002A200000000000000C0000000C00000002000000020000001C010000800D000000000000010000007B1700000E0E000000000000050000000500000002000000020000001C010000940B000001000000000000007B170000E502000000000000000000000000000002000000020000001C010000940B00000000000000000000AC3E00002622000000000000000000000D00000004000000040000001C010000940B0000B00D00007008000078563412040000005800000001000000010000000B000000000000000100000002000000030000000400000005000000060000000700000008000000090000000A00000004000000640062006F00000008000000740062006C005F006D006F006D00000004000B0088C200009ABF000088C2000046260000D06B000046260000D06B00002A2000000000000002000000F0F0F0000000000000000000000000000000000001000000080000000000000037C30000DD420000CA0D00005301000032000000010000020000CA0D0000530100000200000000000500008008000080010000001500010000009001B0300100065461686F6D61190066006B005F00740062006C005F006D006F006D005F00740062006C005F006C006F0063006100740069006F006E005F00310004000B004C6800002A2000004C68000045270000E079000045270000E07900001E7800000000000002000000F0F0F00000000000000000000000000000000000010000000A00000000000000ED6D000056430000440B00005301000032000000010000020000440B0000530100000200000000000500008008000080010000001500010000009001B0300100065461686F6D61140066006B005F00740062006C005F006B00690064005F00740062006C005F006D006F006D005F0031002143341208000000CA1A000003090000785634120700000014010000740062006C005F006E0061006D006500000000000000000000000000241D259900810080000000000000000000000000000000000000000000000000000000000000000000000000000000000000000000000000231D2299008200800000000000000000000000000000000000000000000000000000000000000000000000000000000000000000000000003A1D2B9900830080000000000000000000000000000000000000000000000000000000000000000000000000000000000000000000000000311D10990084008000000000000000000000000000000000000000000000000000000000000000000000000000000000000000000100000005000000540000002C0000002C0000002C00000034000000000000000000000083330000C1140000000000002D010000070000000C000000070000001C010000940B0000780900003804000040050000A803000054060000E0070000BC040000E0070000FC090000D80600000000000001000000CA1A00000309000000000000020000000200000002000000020000001C010000800D000000000000010000007B1700002005000000000000010000000100000002000000020000001C010000940B000001000000000000007B170000E502000000000000000000000000000002000000020000001C010000940B00000000000000000000AC3E00002622000000000000000000000D00000004000000040000001C010000940B0000B00D00007008000078563412040000005A00000001000000010000000B000000000000000100000002000000030000000400000005000000060000000700000008000000090000000A00000004000000640062006F00000009000000740062006C005F006E0061006D006500000004000B00DC620000A46A0000AC6A0000A46A0000AC6A00007E810000666C00007E8100000000000002000000F0F0F00000000000000000000000000000000000010000000D0000000000000025580000CC780000D81100005301000042000000010000020000D8110000530100000200000000000500008008000080010000001500010000009001B0300100065461686F6D611E0046004B005F005F00740062006C005F006B00690064005F005F006E0061006D0065005F00690064005F005F003100370046003700390030004600390004000B008C5500005E6500008C550000452700008A660000452700008A6600002A2000000000000002000000F0F0F00000000000000000000000000000000000010000000F000000000000003B560000503B000003130000530100003100000001000002000003130000530100000200000000000500008008000080010000001500010000009001B0300100065461686F6D611E0046004B005F005F00740062006C005F006D006F006D005F005F006E0061006D0065005F00690064005F005F00310038004500420042003500330032002143341208000000CA1A0000E7160000785634120700000014010000740062006C005F0070007200650067006E0065006E0074000000000000000000000000000000000000000000000000000000000000000000000000000000000000000000571DF699007600800000000000000000000000000000000000000000000000000000000000000000000000000000000000000000000000006E1DFF9900770080000000000000000000000000000000000000000000000000000000000000000000000000000000000000000000000000651DE499007800800000000000000000000000000000000000000000000000000000000000000000000000000000000000000000000000007C1D000000000000000000000100000005000000540000002C0000002C0000002C00000034000000000000000000000083330000731B0000000000002D0100000A0000000C000000070000001C010000940B0000780900003804000040050000A803000054060000E0070000BC040000E0070000FC090000D80600000000000001000000CA1A0000E716000000000000080000000800000002000000020000001C010000800D000000000000010000007B170000D30B000000000000040000000400000002000000020000001C010000940B000001000000000000007B170000E502000000000000000000000000000002000000020000001C010000940B00000000000000000000AC3E00002622000000000000000000000D00000004000000040000001C010000940B0000B00D00007008000078563412040000006200000001000000010000000B000000000000000100000002000000030000000400000005000000060000000700000008000000090000000A00000004000000640062006F0000000D000000740062006C005F0070007200650067006E0065006E007400000004000B00C86400002A200000C864000091260000CE31000091260000CE3100009A2900000000000002000000F0F0F00000000000000000000000000000000000010000001200000000000000E03D00008F2400006B0E000053010000320000000100000200006B0E0000530100000200000000000500008008000080010000001500010000009001B0300100065461686F6D61190066006B005F00740062006C005F0070007200650067006E0065006E0074005F00740062006C005F006D006F006D005F0031002143341208000000CA1A000046120000785634120700000014010000740062006C005F00700072006F006400750063007400000000000000000000000000000000000000000000001310329A001200800000000000000000000000000000000000000000000000000000000000000000000000000000000000000000000000002A103B9A001300800000000000000000000000000000000000000000000000000000000000000000000000000000000000000000000000002110209A001400800000000000000000000000000000000000000000000000000000000000000000000000000000000000000000000000003810299A00150080000000000000000000000000000000000000000000000000000000000100000005000000540000002C0000002C0000002C00000034000000000000000000000083330000FC160000000000002D010000080000000C000000070000001C010000940B0000780900003804000040050000A803000054060000E0070000BC040000E0070000FC090000D80600000000000001000000CA1A00004612000000000000060000000600000002000000020000001C010000800D000000000000010000007B1700002005000000000000010000000100000002000000020000001C010000940B000001000000000000007B170000E502000000000000000000000000000002000000020000001C010000940B00000000000000000000AC3E00002622000000000000000000000D00000004000000040000001C010000940B0000B00D00007008000078563412040000006000000001000000010000000B000000000000000100000002000000030000000400000005000000060000000700000008000000090000000A00000004000000640062006F0000000C000000740062006C005F00700072006F006400750063007400000004000B00CE3100001A5C0000CE3100008D8C0000605400008D8C000060540000A89300000000000002000000F0F0F000000000000000000000000000000000000100000015000000000000003C3200003C8D0000540E00005301000047000000010000020000540E0000530100000200000000000500008008000080010000001500010000009001B0300100065461686F6D611A0066006B005F00740062006C005F006D0064006100740061005F00740062006C005F00700072006F0064007500630074005F00310002000B00CE310000D4490000CE310000814000000000000002000000F0F0F000000000000000000000000000000000000100000017000000000000007121000093440000AE0F00005301000031000000010000020000AE0F0000530100000200000000000500008008000080010000001500010000009001B0300100065461686F6D611D0066006B005F00740062006C005F0070007200650067006E0065006E0074005F00740062006C005F00700072006F0064007500630074005F0031002143341208000000CA1A00007A220000785634120700000014010000740062006C005F00720065006600650072000000000000000000000000000000000000003F1E2E98005E0080000000000000000000000000000000000000000000000000000000000000000000000000000000000000000000000000361E1798005F0080000000000000000000000000000000000000000000000000000000000000000000000000000000000000000000000000CD1E1C9800600080000000000000000000000000000000000000000000000000000000000000000000000000000000000000000000000000C41E0598006100800000000000000000000000000000000000000000000000000000000000000000000000000100000005000000540000002C0000002C0000002C0000003400000000000000000000008333000026220000000000002D0100000D0000000C000000070000001C010000940B0000780900003804000040050000A803000054060000E0070000BC040000E0070000FC090000D80600000000000001000000CA1A00007A220000000000000D0000000C00000002000000020000001C010000800D000000000000010000007B1700000E0E000000000000050000000500000002000000020000001C010000940B000001000000000000007B170000E502000000000000000000000000000002000000020000001C010000940B00000000000000000000AC3E00002622000000000000000000000D00000004000000040000001C010000940B0000B00D00007008000078563412040000005C00000001000000010000000B000000000000000100000002000000030000000400000005000000060000000700000008000000090000000A00000004000000640062006F0000000A000000740062006C005F0072006500660065007200000002000B000EB50000E0C4000084AB0000E0C400000000000002000000F0F0F00000000000000000000000000000000000010000001A00000000000000BAA90000DEC20000B20D00005301000039000000010000020000B20D0000530100000200000000000500008008000080010000001500010000009001B0300100065461686F6D611B0066006B005F00740062006C005F00720065006600650072005F00740062006C005F006C006F0063006100740069006F006E005F00310004000B00DC620000E2680000EA880000E2680000EA8800004AC40000BA9000004AC400000000000002000000F0F0F00000000000000000000000000000000000010000001C00000000000000367600001788000005120000530100003200000001000002000005120000530100000200000000000500008008000080010000001500010000009001B0300100065461686F6D611E0046004B005F005F00740062006C005F00720065006600650072005F005F006E0061006D0065005F005F005F003100360030004600340038003800370004000B00349E0000E2B30000349E0000912600000E6A0000912600000E6A00002A2000000000000002000000F0F0F00000000000000000000000000000000000010000001E00000000000000E39E0000244E0000590C00005301000032000000010000020000590C0000530100000200000000000500008008000080010000001500010000009001B0300100065461686F6D61160066006B005F00740062006C005F006D006F006D005F00740062006C005F00720065006600650072005F0031002143341208000000CA1A000003090000785634120700000014010000740062006C005F00720065006600650072005F0074007900700065000000000000000000000000000000000000000000000000008B1E5A98006A0080000000000000000000000000000000000000000000000000000000000000000000000000000000000000000000000000821E4398006B0080000000000000000000000000000000000000000000000000000000000000000000000000000000000000000000000000991E4898006C0080000000000000000000000000000000000000000000000000000000000000000000000000000000000000000000000000901EB199006D008000000000000000000000000000000000000000000100000005000000540000002C0000002C0000002C00000034000000000000000000000083330000C1140000000000002D010000070000000C000000070000001C010000940B0000780900003804000040050000A803000054060000E0070000BC040000E0070000FC090000D80600000000000001000000CA1A00000309000000000000020000000200000002000000020000001C010000800D000000000000010000007B1700002005000000000000010000000100000002000000020000001C010000940B000001000000000000007B170000E502000000000000000000000000000002000000020000001C010000940B00000000000000000000AC3E00002622000000000000000000000D00000004000000040000001C010000940B0000B00D00007008000078563412040000006600000001000000010000000B000000000000000100000002000000030000000400000005000000060000000700000008000000090000000A00000004000000640062006F0000000F000000740062006C005F00720065006600650072005F007400790070006500000002000B00349E0000D4DF0000349E00005CD600000000000002000000F0F0F00000000000000000000000000000000000010000002100000000000000E39E00006FDA00000D0F000053010000320000000100000200000D0F0000530100000200000000000500008008000080010000001500010000009001B0300100065461686F6D611D0066006B005F00740062006C005F00720065006600650072005F00740062006C005F00720065006600650072005F0074007900700065005F0031002143341208000000CA1A000046120000785634120700000014010000740062006C005F007500730065007200000000000000000000000000000000000000000000000000000000000000000000000000AA1DBB9E00930080000000000000000000000000000000000000000000000000000000000000000000000000000000000000000000000000A11DA09E00940080000000000000000000000000000000000000000000000000000000000000000000000000000000000000000000000000B81DA99E00950080000000000000000000000000000000000000000000000000000000000000000000000000000000000000000000000000B71D969E0096008000000000000000000000000000000000000000000100000005000000540000002C0000002C0000002C00000034000000000000000000000083330000FC160000000000002D010000080000000C000000070000001C010000940B0000780900003804000040050000A803000054060000E0070000BC040000E0070000FC090000D80600000000000001000000CA1A00004612000000000000060000000600000002000000020000001C010000800D000000000000010000007B1700005C07000000000000020000000200000002000000020000001C010000940B000001000000000000007B170000E502000000000000000000000000000002000000020000001C010000940B00000000000000000000AC3E00002622000000000000000000000D00000004000000040000001C010000940B0000B00D00007008000078563412040000005A00000001000000010000000B000000000000000100000002000000030000000400000005000000060000000700000008000000090000000A00000004000000640062006F00000009000000740062006C005F007500730065007200000004000B00124800000E6A0000E62100000E6A0000E6210000F0870000CA1A0000F08700000000000002000000F0F0F00000000000000000000000000000000000010000002400000000000000011000003C71000036110000530100003F0000000100000200003611000053010000020000000000FFFFFF0008000080010000001500010000009001B0300100065461686F6D611E0046004B005F005F00740062006C005F0075007300650072005F005F00660075006C006C006E0061005F005F003100370030003300360043004300300004000B00CA1A0000748B000032210000748B0000322100000CC60000BA9000000CC600000000000002000000F0F0F000000000000000000000000000000000000100000026000000000000003A290000BBC60000FC0B00005301000030000000010000020000FC0B000053010000020000000000FFFFFF0008000080010000001500010000009001B0300100065461686F6D61170066006B005F00740062006C005F00720065006600650072005F00740062006C005F0075007300650072005F00310004000B007A0D0000BC7F00007A0D0000462600000663000046260000066300002A2000000000000002000000F0F0F00000000000000000000000000000000000010000002800000000000000420F0000F5260000130C00005301000032000000010000020000130C000053010000020000000000FFFFFF0008000080010000001500010000009001B0300100065461686F6D61150066006B005F00740062006C005F006D006F006D005F00740062006C005F0075007300650072005F00310004000B00CA1A0000B2890000E6210000B2890000E6210000609F000012480000609F00000000000002000000F0F0F00000000000000000000000000000000000010000002A00000000000000191D00000FA00000B50C00005301000038000000010000020000B50C000053010000020000000000FFFFFF0008000080010000001500010000009001B0300100065461686F6D61170066006B005F00740062006C005F006D0064006100740061005F00740062006C005F0075007300650072005F00310004000B00CA1A00002E860000322100002E860000322100005235000054240000523500000000000002000000F0F0F00000000000000000000000000000000000010000002C00000000000000E12100002F4D00000F0E000053010000470000000100000200000F0E000053010000020000000000FFFFFF0008000080010000001500010000009001B0300100065461686F6D611A0066006B005F00740062006C005F0070007200650067006E0065006E0074005F00740062006C005F0075007300650072005F0031000000000000000000000000000000000000000000000000000000000000000000000000000000000000000000000000000000000000000000000000000000000000000000000000000000000000000000000000000000000000000000000000000000000000000000000300440064007300530074007200650061006D000000000000000000000000000000000000000000000000000000000000000000000000000000000000000000160002000300000006000000FFFFFFFF00000000000000000000000000000000000000000000000000000000000000000000000020000000991F00000000000053006300680065006D00610020005500440056002000440065006600610075006C0074000000000000000000000000000000000000000000000000000000000026000200FFFFFFFFFFFFFFFFFFFFFFFF0000000000000000000000000000000000000000000000000000000000000000000000003B0000001600000000000000440053005200450046002D0053004300480045004D0041002D0043004F004E00540045004E0054005300000000000000000000000000000000000000000000002C0002010500000007000000FFFFFFFF0000000000000000000000000000000000000000000000000000000000000000000000003C000000260400000000000053006300680065006D00610020005500440056002000440065006600610075006C007400200050006F007300740020005600360000000000000000000000000036000200FFFFFFFFFFFFFFFFFFFFFFFF0000000000000000000000000000000000000000000000000000000000000000000000004D00000012000000000000000C000000AF470000899100000100260000007300630068005F006C006100620065006C0073005F00760069007300690062006C0065000000010000000B0000001E000000000000000000000000000000000000006400000000000000000000000000000000000000000000000000010000000100000000000000000000000000000000000000D00200000600280000004100630074006900760065005400610062006C00650056006900650077004D006F006400650000000100000008000400000031000000200000005400610062006C00650056006900650077004D006F00640065003A00300000000100000008003A00000034002C0030002C003200380034002C0030002C0032003900360034002C0031002C0032003400320034002C0035002C0031003600320030000000200000005400610062006C00650056006900650077004D006F00640065003A00310000000100000008001E00000032002C0030002C003200380034002C0030002C0033003400350036000000200000005400610062006C00650056006900650077004D006F00640065003A00320000000100000008001E00000032002C0030002C003200380034002C0030002C0032003900360034000000200000005400610062006C00650056006900650077004D006F00640065003A00330000000100000008001E00000032002C0030002C003200380034002C0030002C0032003900360034000000200000005400610062006C00650056006900650077004D006F00640065003A00340000000100000008003E00000034002C0030002C003200380034002C0030002C0032003900360034002C00310032002C0033003500300034002C00310031002C0032003100360030000000020000000200000000000000000000000000000000000000D00200000600280000004100630074006900760065005400610062006C00650056006900650077004D006F006400650000000100000008000400000031000000200000005400610062006C00650056006900650077004D006F00640065003A00300000000100000008003A00000034002C0030002C003200380034002C0030002C0032003900360034002C0031002C0032003400320034002C0035002C0031003600320030000000200000005400610062006C00650056006900650077004D006F00640065003A00310000000100000008001E00000032002C0030002C003200380034002C0030002C0033003400350036000000200000005400610062006C00650056006900650077004D006F00640065003A00320000000100000008001E00000032002C0030002C003200380034002C0030002C0032003900360034000000200000005400610062006C00650056006900650077004D006F00640065003A00330000000100000008001E00000032002C0030002C003200380034002C0030002C0032003900360034000000200000005400610062006C00650056006900650077004D006F00640065003A00340000000100000008003E00000034002C0030002C003200380034002C0030002C0032003900360034002C00310032002C0033003500300034002C00310031002C0032003100360030000000030000000300000000000000000000000000000000000000D00200000600280000004100630074006900760065005400610062006C00650056006900650077004D006F006400650000000100000008000400000031000000200000005400610062006C00650056006900650077004D006F00640065003A00300000000100000008003A00000034002C0030002C003200380034002C0030002C0032003900360034002C0031002C0032003400320034002C0035002C0031003600320030000000200000005400610062006C00650056006900650077004D006F00640065003A00310000000100000008001E00000032002C0030002C003200380034002C0030002C0033003400350036000000200000005400610062006C00650056006900650077004D006F00640065003A00320000000100000008001E00000032002C0030002C003200380034002C0030002C0032003900360034000000200000005400610062006C00650056006900650077004D006F00640065003A00330000000100000008001E00000032002C0030002C003200380034002C0030002C0032003900360034000000200000005400610062006C00650056006900650077004D006F00640065003A00340000000100000008003E00000034002C0030002C003200380034002C0030002C0032003900360034002C00310032002C0033003500300034002C00310031002C00320031003600300000000400000004000000000000003E00000001003F0001000000640062006F00000066006B005F00740062006C005F006D0064006100740061005F00740062006C005F006B00690064005F00310000000000000000000000C40200000000050000000500000004000000080000000105DC05B805DC050000000000000000AD0F0000010000060000000600000000000000000000000000000000000000D00200000600280000004100630074006900760065005400610062006C00650056006900650077004D006F006400650000000100000008000400000031000000200000005400610062006C00650056006900650077004D006F00640065003A00300000000100000008003A00000034002C0030002C003200380034002C0030002C0032003900360034002C0031002C0032003400320034002C0035002C0031003600320030000000200000005400610062006C00650056006900650077004D006F00640065003A00310000000100000008001E00000032002C0030002C003200380034002C0030002C0033003400350036000000200000005400610062006C00650056006900650077004D006F00640065003A00320000000100000008001E00000032002C0030002C003200380034002C0030002C0032003900360034000000200000005400610062006C00650056006900650077004D006F00640065003A00330000000100000008001E00000032002C0030002C003200380034002C0030002C0032003900360034000000200000005400610062006C00650056006900650077004D006F00640065003A00340000000100000008003E00000034002C0030002C003200380034002C0030002C0032003900360034002C00310032002C0033003500300034002C00310031002C003200310036003000000007000000070000000000000044000000010AB67101000000640062006F00000066006B005F00740062006C005F006D006F006D005F00740062006C005F006C006F0063006100740069006F006E005F00310000000000000000000000C4020000000008000000080000000700000008000000010EDC05380EDC050000000000000000AD0F00000100000900000009000000000000003A00000001CC4C4001000000640062006F00000066006B005F00740062006C005F006B00690064005F00740062006C005F006D006F006D005F00310000000000000000000000C402000000000A0000000A00000009000000080000000164D7169064D7160000000000000000AD0F00000100000B0000000B00000000000000000000000000000000000000D00200000600280000004100630074006900760065005400610062006C00650056006900650077004D006F006400650000000100000008000400000031000000200000005400610062006C00650056006900650077004D006F00640065003A00300000000100000008003A00000034002C0030002C003200380034002C0030002C0032003900360034002C0031002C0032003400320034002C0035002C0031003600320030000000200000005400610062006C00650056006900650077004D006F00640065003A00310000000100000008001E00000032002C0030002C003200380034002C0030002C0033003400350036000000200000005400610062006C00650056006900650077004D006F00640065003A00320000000100000008001E00000032002C0030002C003200380034002C0030002C0032003900360034000000200000005400610062006C00650056006900650077004D006F00640065003A00330000000100000008001E00000032002C0030002C003200380034002C0030002C0032003900360034000000200000005400610062006C00650056006900650077004D006F00640065003A00340000000100000008003E00000034002C0030002C003200380034002C0030002C0032003900360034002C00310032002C0033003500300034002C00310031002C00320031003600300000000C0000000C000000000000004E00000001B3CC0F01000000640062006F00000046004B005F005F00740062006C005F006B00690064005F005F006E0061006D0065005F00690064005F005F003100370046003700390030004600390000000000000000000000C402000000000D0000000D0000000C00000008000000011B1817901B18170000000000000000AD0F00000100000E0000000E000000000000004E0000000100710001000000640062006F00000046004B005F005F00740062006C005F006D006F006D005F005F006E0061006D0065005F00690064005F005F003100380045004200420035003300320000000000000000000000C402000000000F0000000F0000000E0000000800000001231817502318170000000000000000AD0F0000010000100000001000000000000000000000000000000000000000D00200000600280000004100630074006900760065005400610062006C00650056006900650077004D006F006400650000000100000008000400000031000000200000005400610062006C00650056006900650077004D006F00640065003A00300000000100000008003A00000034002C0030002C003200380034002C0030002C0032003900360034002C0031002C0032003400320034002C0035002C0031003600320030000000200000005400610062006C00650056006900650077004D006F00640065003A00310000000100000008001E00000032002C0030002C003200380034002C0030002C0033003400350036000000200000005400610062006C00650056006900650077004D006F00640065003A00320000000100000008001E00000032002C0030002C003200380034002C0030002C0032003900360034000000200000005400610062006C00650056006900650077004D006F00640065003A00330000000100000008001E00000032002C0030002C003200380034002C0030002C0032003900360034000000200000005400610062006C00650056006900650077004D006F00640065003A00340000000100000008003E00000034002C0030002C003200380034002C0030002C0032003900360034002C00310032002C0033003500300034002C00310031002C003200310036003000000011000000110000000000000044000000010AB67101000000640062006F00000066006B005F00740062006C005F0070007200650067006E0065006E0074005F00740062006C005F006D006F006D005F00310000000000000000000000C4020000000012000000120000001100000008000000011E1817101E18170000000000000000AD0F0000010000130000001300000000000000000000000000000000000000D00200000600280000004100630074006900760065005400610062006C00650056006900650077004D006F006400650000000100000008000400000031000000200000005400610062006C00650056006900650077004D006F00640065003A00300000000100000008003A00000034002C0030002C003200380034002C0030002C0032003900360034002C0031002C0032003400320034002C0035002C0031003600320030000000200000005400610062006C00650056006900650077004D006F00640065003A00310000000100000008001E00000032002C0030002C003200380034002C0030002C0033003400350036000000200000005400610062006C00650056006900650077004D006F00640065003A00320000000100000008001E00000032002C0030002C003200380034002C0030002C0032003900360034000000200000005400610062006C00650056006900650077004D006F00640065003A00330000000100000008001E00000032002C0030002C003200380034002C0030002C0032003900360034000000200000005400610062006C00650056006900650077004D006F00640065003A00340000000100000008003E00000034002C0030002C003200380034002C0030002C0032003900360034002C00310032002C0033003500300034002C00310031002C003200310036003000000014000000140000000000000046000000010AB67101000000640062006F00000066006B005F00740062006C005F006D0064006100740061005F00740062006C005F00700072006F0064007500630074005F00310000000000000000000000C4020000000015000000150000001400000008000000011C1817501C18170000000000000000AD0F00000100001600000016000000000000004C00000001B3CC0F01000000640062006F00000066006B005F00740062006C005F0070007200650067006E0065006E0074005F00740062006C005F00700072006F0064007500630074005F00310000000000000000000000C4020000000017000000170000001600000008000000011C1817D01C18170000000000000000AD0F0000010000180000001800000000000000000000000000000000000000D00200000600280000004100630074006900760065005400610062006C00650056006900650077004D006F006400650000000100000008000400000031000000200000005400610062006C00650056006900650077004D006F00640065003A00300000000100000008003A00000034002C0030002C003200380034002C0030002C0032003900360034002C0031002C0032003400320034002C0035002C0031003600320030000000200000005400610062006C00650056006900650077004D006F00640065003A00310000000100000008001E00000032002C0030002C003200380034002C0030002C0033003400350036000000200000005400610062006C00650056006900650077004D006F00640065003A00320000000100000008001E00000032002C0030002C003200380034002C0030002C0032003900360034000000200000005400610062006C00650056006900650077004D006F00640065003A00330000000100000008001E00000032002C0030002C003200380034002C0030002C0032003900360034000000200000005400610062006C00650056006900650077004D006F00640065003A00340000000100000008003E00000034002C0030002C003200380034002C0030002C0032003900360034002C00310032002C0033003500300034002C00310031002C003200310036003000000019000000190000000000000048000000010AB67101000000640062006F00000066006B005F00740062006C005F00720065006600650072005F00740062006C005F006C006F0063006100740069006F006E005F00310000000000000000000000C402000000001A0000001A0000001900000008000000011E1817501E18170000000000000000AD0F00000100001B0000001B000000000000004E000000014F8F2701000000640062006F00000046004B005F005F00740062006C005F00720065006600650072005F005F006E0061006D0065005F005F005F003100360030004600340038003800370000000000000000000000C402000000001C0000001C0000001B0000000800000001211817902118170000000000000000AD0F00000100001D0000001D000000000000003E0000000100570001000000640062006F00000066006B005F00740062006C005F006D006F006D005F00740062006C005F00720065006600650072005F00310000000000000000000000C402000000001E0000001E0000001D0000000800000001211817D02118170000000000000000AD0F00000100001F0000001F00000000000000000000000000000000000000D00200000600280000004100630074006900760065005400610062006C00650056006900650077004D006F006400650000000100000008000400000031000000200000005400610062006C00650056006900650077004D006F00640065003A00300000000100000008003A00000034002C0030002C003200380034002C0030002C0032003900360034002C0031002C0032003400320034002C0035002C0031003600320030000000200000005400610062006C00650056006900650077004D006F00640065003A00310000000100000008001E00000032002C0030002C003200380034002C0030002C0033003400350036000000200000005400610062006C00650056006900650077004D006F00640065003A00320000000100000008001E00000032002C0030002C003200380034002C0030002C0032003900360034000000200000005400610062006C00650056006900650077004D006F00640065003A00330000000100000008001E00000032002C0030002C003200380034002C0030002C0032003900360034000000200000005400610062006C00650056006900650077004D006F00640065003A00340000000100000008003E00000034002C0030002C003200380034002C0030002C0032003900360034002C00310032002C0033003500300034002C00310031002C00320031003600300000002000000020000000000000004C000000014F8F2701000000640062006F00000066006B005F00740062006C005F00720065006600650072005F00740062006C005F00720065006600650072005F0074007900700065005F00310000000000000000000000C402000000002100000021000000200000000800000001281817902818170000000000000000AD0F0000010000220000002200000000000000000000000000000000000000D00200000600280000004100630074006900760065005400610062006C00650056006900650077004D006F006400650000000100000008000400000031000000200000005400610062006C00650056006900650077004D006F00640065003A00300000000100000008003A00000034002C0030002C003200380034002C0030002C0032003900360034002C0031002C0032003400320034002C0035002C0031003600320030000000200000005400610062006C00650056006900650077004D006F00640065003A00310000000100000008001E00000032002C0030002C003200380034002C0030002C0033003400350036000000200000005400610062006C00650056006900650077004D006F00640065003A00320000000100000008001E00000032002C0030002C003200380034002C0030002C0032003900360034000000200000005400610062006C00650056006900650077004D006F00640065003A00330000000100000008001E00000032002C0030002C003200380034002C0030002C0032003900360034000000200000005400610062006C00650056006900650077004D006F00640065003A00340000000100000008003E00000034002C0030002C003200380034002C0030002C0032003900360034002C00310032002C0033003500300034002C00310031002C00320031003600300000002300000023000000000000004E000000014F8F2701000000640062006F00000046004B005F005F00740062006C005F0075007300650072005F005F00660075006C006C006E0061005F005F003100370030003300360043004300300000000000000000000000C402000000002400000024000000230000000800000001261817102618170000000000000000AD0F0000010000250000002500000000000000400000000100000001000000640062006F00000066006B005F00740062006C005F00720065006600650072005F00740062006C005F0075007300650072005F00310000000000000000000000C402000000002600000026000000250000000800000001271817902718170000000000000000AD0F00000100002700000027000000000000003C00000001014A3101000000640062006F00000066006B005F00740062006C005F006D006F006D005F00740062006C005F0075007300650072005F00310000000000000000000000C402000000002800000028000000270000000800000001291817102918170000000000000000AD0F000001000029000000290000000000000040000000014F8F2701000000640062006F00000066006B005F00740062006C005F006D0064006100740061005F00740062006C005F0075007300650072005F00310000000000000000000000C402000000002A0000002A0000002900000008000000012A1817D02A18170000000000000000AD0F00000100002B0000002B00000000000000460000000100000001000000640062006F00000066006B005F00740062006C005F0070007200650067006E0065006E0074005F00740062006C005F0075007300650072005F00310000000000000000000000C402000000002C0000002C0000002B0000000800000001271817D02718170000000000000000AD0F0000010000550000000400000001000000030000002D0000002E00000019000000020000001800000068000000910000000700000002000000060000002C0000003B000000110000000600000010000000230000002C0000000900000006000000010000002F0000002C000000230000000B0000002200000066000000730000001B0000000B00000018000000630000008E0000000E0000000B000000060000002C000000290000000C0000000B0000000100000069000000760000001600000013000000100000002C0000002D0000001400000013000000030000002D000000280000001D00000018000000060000002C00000035000000200000001F000000180000002C0000002D0000002B00000022000000100000006D0000007E000000290000002200000003000000790000007E0000002700000022000000060000002C0000001D0000002500000022000000180000007F00000094000000000000000000000000000000000000000000000000000000000000000000000000000000000000000000000000000000000000000000000000000000000000000000000000000000000000000000000000000000000000000000000000000000000000000000006C00730065003B0043006F006E006E006500630074002000540069006D0065006F00750074003D00330030003B0054007200750073007400530065007200760065007200430065007200740069006600690063006100740065003D0054007200750065003B005000610063006B00650074002000530069007A0065003D0034003000390036003B004100700070006C00690063006100740069006F006E0020004E0061006D0065003D0022004D006900630072006F0073006F00660074002000530051004C00200053006500720076006500720020004D0061006E006100670065006D0065006E0074002000530074007500640069006F0022000000008005001C000000520065006C006100740069006F006E007300680069007000730000000002260010000000740062006C005F006B0069006400000008000000640062006F000000000226001A000000740062006C005F006C006F0063006100740069006F006E00000008000000640062006F0000000002260014000000740062006C005F006D006400610074006100000008000000640062006F0000000002260010000000740062006C005F006D006F006D00000008000000640062006F0000000002260012000000740062006C005F006E0061006D006500000008000000640062006F000000000226001A000000740062006C005F0070007200650067006E0065006E007400000008000000640062006F0000000002260018000000740062006C005F00700072006F006400750063007400000008000000640062006F0000000002260014000000740062006C005F0072006500660065007200000008000000640062006F000000000226001E000000740062006C005F00720065006600650072005F007400790070006500000008000000640062006F0000000002240012000000740062006C005F007500730065007200000008000000640062006F00000001000000D68509B3BB6BF2459AB8371664F0327008004E0000007B00310036003300340043004400440037002D0030003800380038002D0034003200450033002D0039004600410032002D004200360044003300320035003600330042003900310044007D0000000000000000000000000000000000000000000000000000000000010003000000000000000C0000000B00000000000000000000000000000000000000000000000000000000000000000000000000000000000000000000000000000000000000000000000000000000000000000000000000000000000000000000000000000000000000000000000000000000000000000000000000000000000000000000000000000000000000000000000000000000000000000000000000000000000000000000000000000000000000000000000000000000000000000062885214)
GO

SET IDENTITY_INSERT [dbo].[sysdiagrams] OFF
GO


-- ----------------------------
-- Table structure for tbl_kid
-- ----------------------------
IF EXISTS (SELECT * FROM sys.all_objects WHERE object_id = OBJECT_ID(N'[dbo].[tbl_kid]') AND type IN ('U'))
	DROP TABLE [dbo].[tbl_kid]
GO

CREATE TABLE [dbo].[tbl_kid] (
  [id] int  IDENTITY(1,1) NOT NULL,
  [name_id] int  NOT NULL,
  [sex] smallint  NULL,
  [dob] date  NULL,
  [order] smallint  NULL,
  [mom_id] int  NULL
)
GO

ALTER TABLE [dbo].[tbl_kid] SET (LOCK_ESCALATION = AUTO)
GO


-- ----------------------------
-- Records of tbl_kid
-- ----------------------------
SET IDENTITY_INSERT [dbo].[tbl_kid] ON
GO

INSERT INTO [dbo].[tbl_kid] ([id], [name_id], [sex], [dob], [order], [mom_id]) VALUES (N'1', N'3', N'1', N'2018-03-01', N'1', N'1')
GO

SET IDENTITY_INSERT [dbo].[tbl_kid] OFF
GO


-- ----------------------------
-- Table structure for tbl_location
-- ----------------------------
IF EXISTS (SELECT * FROM sys.all_objects WHERE object_id = OBJECT_ID(N'[dbo].[tbl_location]') AND type IN ('U'))
	DROP TABLE [dbo].[tbl_location]
GO

CREATE TABLE [dbo].[tbl_location] (
  [id] int  IDENTITY(1,1) NOT NULL,
  [name] nvarchar(50) COLLATE SQL_Latin1_General_CP1_CI_AS  NOT NULL,
  [refer_id] int DEFAULT ((0)) NULL
)
GO

ALTER TABLE [dbo].[tbl_location] SET (LOCK_ESCALATION = AUTO)
GO


-- ----------------------------
-- Records of tbl_location
-- ----------------------------
SET IDENTITY_INSERT [dbo].[tbl_location] ON
GO

INSERT INTO [dbo].[tbl_location] ([id], [name], [refer_id]) VALUES (N'1', N'Phnom Penh', N'0')
GO

INSERT INTO [dbo].[tbl_location] ([id], [name], [refer_id]) VALUES (N'2', N'Sen Sok', N'1')
GO

INSERT INTO [dbo].[tbl_location] ([id], [name], [refer_id]) VALUES (N'3', N'Teuk Thlar', N'2')
GO

INSERT INTO [dbo].[tbl_location] ([id], [name], [refer_id]) VALUES (N'4', N'St110 Bvld, E012 CPC Vilage', N'3')
GO

INSERT INTO [dbo].[tbl_location] ([id], [name], [refer_id]) VALUES (N'5', N'#210, SETEC IST, RausPD', N'3')
GO

INSERT INTO [dbo].[tbl_location] ([id], [name], [refer_id]) VALUES (N'6', N'St110, RF,CPC Village', N'3')
GO

INSERT INTO [dbo].[tbl_location] ([id], [name], [refer_id]) VALUES (N'7', N'Takeo', N'0')
GO

INSERT INTO [dbo].[tbl_location] ([id], [name], [refer_id]) VALUES (N'8', N'Boreycholasar', N'7')
GO

INSERT INTO [dbo].[tbl_location] ([id], [name], [refer_id]) VALUES (N'9', N'Kouk Pou', N'8')
GO

INSERT INTO [dbo].[tbl_location] ([id], [name], [refer_id]) VALUES (N'10', N'#132, Pontek Village', N'9')
GO

INSERT INTO [dbo].[tbl_location] ([id], [name], [refer_id]) VALUES (N'11', N'Dongkpos', N'8')
GO

INSERT INTO [dbo].[tbl_location] ([id], [name], [refer_id]) VALUES (N'12', N'#120, Dongkpos Village', N'11')
GO

INSERT INTO [dbo].[tbl_location] ([id], [name], [refer_id]) VALUES (N'13', N'Meanchy', N'1')
GO

INSERT INTO [dbo].[tbl_location] ([id], [name], [refer_id]) VALUES (N'14', N'Meanchy Test', N'13')
GO

INSERT INTO [dbo].[tbl_location] ([id], [name], [refer_id]) VALUES (N'15', N'#340, Mo, Lims Vll', N'14')
GO

INSERT INTO [dbo].[tbl_location] ([id], [name], [refer_id]) VALUES (N'16', N'#242, PP', N'3')
GO

INSERT INTO [dbo].[tbl_location] ([id], [name], [refer_id]) VALUES (N'17', N'#243, PP', N'3')
GO

INSERT INTO [dbo].[tbl_location] ([id], [name], [refer_id]) VALUES (N'18', N'#2436, JSP', N'9')
GO

INSERT INTO [dbo].[tbl_location] ([id], [name], [refer_id]) VALUES (N'19', N'', N'3')
GO

SET IDENTITY_INSERT [dbo].[tbl_location] OFF
GO


-- ----------------------------
-- Table structure for tbl_mdata
-- ----------------------------
IF EXISTS (SELECT * FROM sys.all_objects WHERE object_id = OBJECT_ID(N'[dbo].[tbl_mdata]') AND type IN ('U'))
	DROP TABLE [dbo].[tbl_mdata]
GO

CREATE TABLE [dbo].[tbl_mdata] (
  [id] int  IDENTITY(1,1) NOT NULL,
  [kid_id] int  NULL,
  [pro_id] int  NULL,
  [created_date] datetime2(7)  NULL,
  [why] nvarchar(255) COLLATE SQL_Latin1_General_CP1_CI_AS  NULL,
  [memo] nvarchar(255) COLLATE SQL_Latin1_General_CP1_CI_AS  NULL,
  [caller_id] int  NULL,
  [call_status] smallint  NULL
)
GO

ALTER TABLE [dbo].[tbl_mdata] SET (LOCK_ESCALATION = AUTO)
GO


-- ----------------------------
-- Records of tbl_mdata
-- ----------------------------
SET IDENTITY_INSERT [dbo].[tbl_mdata] ON
GO

INSERT INTO [dbo].[tbl_mdata] ([id], [kid_id], [pro_id], [created_date], [why], [memo], [caller_id], [call_status]) VALUES (N'1', N'1', N'1', N'2018-03-10 09:10:45.0000000', N'Test why', N'Test memo', N'1', N'0')
GO

INSERT INTO [dbo].[tbl_mdata] ([id], [kid_id], [pro_id], [created_date], [why], [memo], [caller_id], [call_status]) VALUES (N'2', N'1', N'1', N'2018-03-09 00:35:12.6100000', N'Test why', N'Test memo', N'1', N'0')
GO

INSERT INTO [dbo].[tbl_mdata] ([id], [kid_id], [pro_id], [created_date], [why], [memo], [caller_id], [call_status]) VALUES (N'3', N'1', N'1', N'2018-03-09 00:41:17.3466667', N'Test in kid', N'Test memo', N'1', N'0')
GO

SET IDENTITY_INSERT [dbo].[tbl_mdata] OFF
GO


-- ----------------------------
-- Table structure for tbl_mom
-- ----------------------------
IF EXISTS (SELECT * FROM sys.all_objects WHERE object_id = OBJECT_ID(N'[dbo].[tbl_mom]') AND type IN ('U'))
	DROP TABLE [dbo].[tbl_mom]
GO

CREATE TABLE [dbo].[tbl_mom] (
  [id] int  IDENTITY(1,1) NOT NULL,
  [name_id] int  NOT NULL,
  [created_date] datetime2(7)  NULL,
  [expected_date] date  NULL,
  [tel_1] varchar(15) COLLATE SQL_Latin1_General_CP1_CI_AS  NOT NULL,
  [tel_2] varchar(15) COLLATE SQL_Latin1_General_CP1_CI_AS  NULL,
  [email] varchar(50) COLLATE SQL_Latin1_General_CP1_CI_AS  NULL,
  [fb] nvarchar(50) COLLATE SQL_Latin1_General_CP1_CI_AS  NULL,
  [logger_id] int  NULL,
  [status] smallint  NULL,
  [refer_id] int  NULL,
  [location_id] int  NULL
)
GO

ALTER TABLE [dbo].[tbl_mom] SET (LOCK_ESCALATION = AUTO)
GO


-- ----------------------------
-- Records of tbl_mom
-- ----------------------------
SET IDENTITY_INSERT [dbo].[tbl_mom] ON
GO

INSERT INTO [dbo].[tbl_mom] ([id], [name_id], [created_date], [expected_date], [tel_1], [tel_2], [email], [fb], [logger_id], [status], [refer_id], [location_id]) VALUES (N'1', N'2', N'2018-03-09 00:22:22.2633333', N'2018-04-01', N'0769995149', N'', N'smx@you.kh', N'', N'1', N'1', N'2', N'4')
GO

INSERT INTO [dbo].[tbl_mom] ([id], [name_id], [created_date], [expected_date], [tel_1], [tel_2], [email], [fb], [logger_id], [status], [refer_id], [location_id]) VALUES (N'3', N'6', N'2018-03-10 09:41:12.3633333', N'2018-03-10', N'010292022', N'010292211', N'so@mf.f', N'ueo', N'1', N'1', N'2', N'17')
GO

INSERT INTO [dbo].[tbl_mom] ([id], [name_id], [created_date], [expected_date], [tel_1], [tel_2], [email], [fb], [logger_id], [status], [refer_id], [location_id]) VALUES (N'4', N'6', N'2018-03-10 09:49:57.6200000', N'2018-03-10', N'012112345', N'011234577', N'sm@you.org', N'smlogx', N'1', N'1', N'2', N'18')
GO

INSERT INTO [dbo].[tbl_mom] ([id], [name_id], [created_date], [expected_date], [tel_1], [tel_2], [email], [fb], [logger_id], [status], [refer_id], [location_id]) VALUES (N'5', N'6', N'2018-03-10 09:50:15.3733333', N'2018-03-10', N'', N'', N'', N'', N'1', N'1', N'2', N'19')
GO

SET IDENTITY_INSERT [dbo].[tbl_mom] OFF
GO


-- ----------------------------
-- Table structure for tbl_name
-- ----------------------------
IF EXISTS (SELECT * FROM sys.all_objects WHERE object_id = OBJECT_ID(N'[dbo].[tbl_name]') AND type IN ('U'))
	DROP TABLE [dbo].[tbl_name]
GO

CREATE TABLE [dbo].[tbl_name] (
  [id] int  IDENTITY(1,1) NOT NULL,
  [name] nvarchar(100) COLLATE SQL_Latin1_General_CP1_CI_AS  NULL
)
GO

ALTER TABLE [dbo].[tbl_name] SET (LOCK_ESCALATION = AUTO)
GO


-- ----------------------------
-- Records of tbl_name
-- ----------------------------
SET IDENTITY_INSERT [dbo].[tbl_name] ON
GO

INSERT INTO [dbo].[tbl_name] ([id], [name]) VALUES (N'6', N'Baby Care Shop')
GO

INSERT INTO [dbo].[tbl_name] ([id], [name]) VALUES (N'3', N'Chea Sambo')
GO

INSERT INTO [dbo].[tbl_name] ([id], [name]) VALUES (N'2', N'Mean')
GO

INSERT INTO [dbo].[tbl_name] ([id], [name]) VALUES (N'5', N'Mind')
GO

INSERT INTO [dbo].[tbl_name] ([id], [name]) VALUES (N'1', N'Sombo')
GO

INSERT INTO [dbo].[tbl_name] ([id], [name]) VALUES (N'4', N'Sunlong')
GO

SET IDENTITY_INSERT [dbo].[tbl_name] OFF
GO


-- ----------------------------
-- Table structure for tbl_pregnent
-- ----------------------------
IF EXISTS (SELECT * FROM sys.all_objects WHERE object_id = OBJECT_ID(N'[dbo].[tbl_pregnent]') AND type IN ('U'))
	DROP TABLE [dbo].[tbl_pregnent]
GO

CREATE TABLE [dbo].[tbl_pregnent] (
  [id] int  IDENTITY(1,1) NOT NULL,
  [mom_id] int  NULL,
  [pro_id] int  NULL,
  [created_date] datetime2(7)  NULL,
  [why] nvarchar(255) COLLATE SQL_Latin1_General_CP1_CI_AS  NULL,
  [memo] nvarchar(255) COLLATE SQL_Latin1_General_CP1_CI_AS  NULL,
  [caller_id] int  NULL,
  [call_status] smallint  NULL
)
GO

ALTER TABLE [dbo].[tbl_pregnent] SET (LOCK_ESCALATION = AUTO)
GO

EXEC sp_addextendedproperty
'MS_Description', N'0: Not call yet
1: Called and Step
2: Called and Stop',
'SCHEMA', N'dbo',
'TABLE', N'tbl_pregnent',
'COLUMN', N'call_status'
GO


-- ----------------------------
-- Records of tbl_pregnent
-- ----------------------------
SET IDENTITY_INSERT [dbo].[tbl_pregnent] ON
GO

INSERT INTO [dbo].[tbl_pregnent] ([id], [mom_id], [pro_id], [created_date], [why], [memo], [caller_id], [call_status]) VALUES (N'1', N'1', N'1', N'2018-03-09 00:41:00.0233333', N'Test in mom', N'Test memo', N'1', N'0')
GO

SET IDENTITY_INSERT [dbo].[tbl_pregnent] OFF
GO


-- ----------------------------
-- Table structure for tbl_product
-- ----------------------------
IF EXISTS (SELECT * FROM sys.all_objects WHERE object_id = OBJECT_ID(N'[dbo].[tbl_product]') AND type IN ('U'))
	DROP TABLE [dbo].[tbl_product]
GO

CREATE TABLE [dbo].[tbl_product] (
  [id] int  IDENTITY(1,1) NOT NULL,
  [name] nvarchar(50) COLLATE SQL_Latin1_General_CP1_CI_AS  NOT NULL,
  [description] nvarchar(100) COLLATE SQL_Latin1_General_CP1_CI_AS  NULL,
  [owner] smallint  NULL,
  [status] smallint DEFAULT ((0)) NULL,
  [level] varchar(5) COLLATE SQL_Latin1_General_CP1_CI_AS  NOT NULL
)
GO

ALTER TABLE [dbo].[tbl_product] SET (LOCK_ESCALATION = AUTO)
GO

EXEC sp_addextendedproperty
'MS_Description', N'0: owner; 1:other',
'SCHEMA', N'dbo',
'TABLE', N'tbl_product',
'COLUMN', N'owner'
GO


-- ----------------------------
-- Records of tbl_product
-- ----------------------------
SET IDENTITY_INSERT [dbo].[tbl_product] ON
GO

INSERT INTO [dbo].[tbl_product] ([id], [name], [description], [owner], [status], [level]) VALUES (N'1', N'Leben 1', N'For Kid 1', N'0', N'0', N'1')
GO

INSERT INTO [dbo].[tbl_product] ([id], [name], [description], [owner], [status], [level]) VALUES (N'2', N'Leben 2', N'For Kid 2', N'1', N'0', N'2')
GO

INSERT INTO [dbo].[tbl_product] ([id], [name], [description], [owner], [status], [level]) VALUES (N'3', N'N11', N'For Kid when dd', N'0', N'1', N'N11')
GO

SET IDENTITY_INSERT [dbo].[tbl_product] OFF
GO


-- ----------------------------
-- Table structure for tbl_refer
-- ----------------------------
IF EXISTS (SELECT * FROM sys.all_objects WHERE object_id = OBJECT_ID(N'[dbo].[tbl_refer]') AND type IN ('U'))
	DROP TABLE [dbo].[tbl_refer]
GO

CREATE TABLE [dbo].[tbl_refer] (
  [id] int  IDENTITY(1,1) NOT NULL,
  [name_id] int  NOT NULL,
  [owner_id] int  NULL,
  [created_date] datetime2(7)  NULL,
  [tel_1] varchar(15) COLLATE SQL_Latin1_General_CP1_CI_AS  NOT NULL,
  [tel_2] varchar(15) COLLATE SQL_Latin1_General_CP1_CI_AS  NULL,
  [image] nvarchar(50) COLLATE SQL_Latin1_General_CP1_CI_AS  NULL,
  [email] varchar(50) COLLATE SQL_Latin1_General_CP1_CI_AS  NULL,
  [memo] nvarchar(255) COLLATE SQL_Latin1_General_CP1_CI_AS  NULL,
  [type_id] int  NULL,
  [logger_id] int  NULL,
  [status] smallint  NULL,
  [location_id] int  NULL
)
GO

ALTER TABLE [dbo].[tbl_refer] SET (LOCK_ESCALATION = AUTO)
GO


-- ----------------------------
-- Records of tbl_refer
-- ----------------------------
SET IDENTITY_INSERT [dbo].[tbl_refer] ON
GO

INSERT INTO [dbo].[tbl_refer] ([id], [name_id], [owner_id], [created_date], [tel_1], [tel_2], [image], [email], [memo], [type_id], [logger_id], [status], [location_id]) VALUES (N'2', N'6', N'2', N'2018-03-09 00:06:50.0000000', N'010202020', N'011101010', NULL, N'bb@care.you.kh', N'Test', N'2', N'1', N'1', N'4')
GO

INSERT INTO [dbo].[tbl_refer] ([id], [name_id], [owner_id], [created_date], [tel_1], [tel_2], [image], [email], [memo], [type_id], [logger_id], [status], [location_id]) VALUES (N'3', N'1', N'1', N'2018-03-09 00:10:33.5766667', N'0769995149', N'011001010', N'', N'sombochea100@gmail.com', N'Test', N'3', N'1', N'1', N'5')
GO

INSERT INTO [dbo].[tbl_refer] ([id], [name_id], [owner_id], [created_date], [tel_1], [tel_2], [image], [email], [memo], [type_id], [logger_id], [status], [location_id]) VALUES (N'8', N'6', N'6', N'2018-03-10 10:20:53.5033333', N'019029022', N'019229202', N'', N'sombo@o.org', N'Test memo', N'1', N'1', N'1', N'19')
GO

INSERT INTO [dbo].[tbl_refer] ([id], [name_id], [owner_id], [created_date], [tel_1], [tel_2], [image], [email], [memo], [type_id], [logger_id], [status], [location_id]) VALUES (N'9', N'6', N'6', N'2018-03-10 10:26:51.2600000', N'0101010101', N'0101010101', N'C:\Users\Sambo Chea\Pictures\api-services.png', N'0101010101', N'0101010101', N'1', N'1', N'1', N'19')
GO

SET IDENTITY_INSERT [dbo].[tbl_refer] OFF
GO


-- ----------------------------
-- Table structure for tbl_refer_type
-- ----------------------------
IF EXISTS (SELECT * FROM sys.all_objects WHERE object_id = OBJECT_ID(N'[dbo].[tbl_refer_type]') AND type IN ('U'))
	DROP TABLE [dbo].[tbl_refer_type]
GO

CREATE TABLE [dbo].[tbl_refer_type] (
  [id] int  IDENTITY(1,1) NOT NULL,
  [type] nvarchar(50) COLLATE SQL_Latin1_General_CP1_CI_AS  NULL
)
GO

ALTER TABLE [dbo].[tbl_refer_type] SET (LOCK_ESCALATION = TABLE)
GO


-- ----------------------------
-- Records of tbl_refer_type
-- ----------------------------
SET IDENTITY_INSERT [dbo].[tbl_refer_type] ON
GO

INSERT INTO [dbo].[tbl_refer_type] ([id], [type]) VALUES (N'1', N'HCP')
GO

INSERT INTO [dbo].[tbl_refer_type] ([id], [type]) VALUES (N'2', N'Retail')
GO

INSERT INTO [dbo].[tbl_refer_type] ([id], [type]) VALUES (N'3', N'PC')
GO

INSERT INTO [dbo].[tbl_refer_type] ([id], [type]) VALUES (N'4', N'Other')
GO

SET IDENTITY_INSERT [dbo].[tbl_refer_type] OFF
GO


-- ----------------------------
-- Table structure for tbl_user
-- ----------------------------
IF EXISTS (SELECT * FROM sys.all_objects WHERE object_id = OBJECT_ID(N'[dbo].[tbl_user]') AND type IN ('U'))
	DROP TABLE [dbo].[tbl_user]
GO

CREATE TABLE [dbo].[tbl_user] (
  [id] int  IDENTITY(1,1) NOT NULL,
  [fullname_id] int  NULL,
  [username] varchar(30) COLLATE SQL_Latin1_General_CP1_CI_AS  NOT NULL,
  [password] varchar(35) COLLATE SQL_Latin1_General_CP1_CI_AS  NULL,
  [created_date] datetime2(7)  NULL,
  [role_id] smallint  NULL
)
GO

ALTER TABLE [dbo].[tbl_user] SET (LOCK_ESCALATION = AUTO)
GO

EXEC sp_addextendedproperty
'MS_Description', N'0: Admin (All)
1: Standard (Insert / Update / View)
2: Report only (View reports)',
'SCHEMA', N'dbo',
'TABLE', N'tbl_user',
'COLUMN', N'role_id'
GO


-- ----------------------------
-- Records of tbl_user
-- ----------------------------
SET IDENTITY_INSERT [dbo].[tbl_user] ON
GO

INSERT INTO [dbo].[tbl_user] ([id], [fullname_id], [username], [password], [created_date], [role_id]) VALUES (N'1', N'3', N'sombochea', N'ms', N'2018-03-09 00:01:29.0000000', N'1')
GO

INSERT INTO [dbo].[tbl_user] ([id], [fullname_id], [username], [password], [created_date], [role_id]) VALUES (N'2', N'1', N'mean', N'ms', N'2018-03-09 00:52:29.0000000', N'1')
GO

SET IDENTITY_INSERT [dbo].[tbl_user] OFF
GO


-- ----------------------------
-- View structure for viewAllCall
-- ----------------------------
IF EXISTS (SELECT * FROM sys.all_objects WHERE object_id = OBJECT_ID(N'[dbo].[viewAllCall]') AND type IN ('V'))
	DROP VIEW [dbo].[viewAllCall]
GO

CREATE VIEW [dbo].[viewAllCall] AS SELECT
	dbo.tbl_pregnent.mom_id,
	dbo.tbl_pregnent.created_date,
	dbo.tbl_pregnent.call_status 
FROM
	dbo.tbl_pregnent UNION
SELECT
	mom_id,
	m.created_date,
	m.call_status 
FROM
	dbo.tbl_mdata m
	INNER JOIN tbl_kid k ON m.kid_id= k.id
GO


-- ----------------------------
-- View structure for viewProvinces
-- ----------------------------
IF EXISTS (SELECT * FROM sys.all_objects WHERE object_id = OBJECT_ID(N'[dbo].[viewProvinces]') AND type IN ('V'))
	DROP VIEW [dbo].[viewProvinces]
GO

CREATE VIEW [dbo].[viewProvinces] AS SELECT
	id,
name 
FROM
	tbl_location 
WHERE
	refer_id = 0
GO


-- ----------------------------
-- View structure for viewRefers
-- ----------------------------
IF EXISTS (SELECT * FROM sys.all_objects WHERE object_id = OBJECT_ID(N'[dbo].[viewRefers]') AND type IN ('V'))
	DROP VIEW [dbo].[viewRefers]
GO

CREATE VIEW [dbo].[viewRefers] AS SELECT
dbo.tbl_refer.id,
dbo.tbl_refer.name_id,
dbo.tbl_refer.owner_id,
dbo.tbl_refer.created_date,
dbo.tbl_refer.tel_1,
dbo.tbl_refer.tel_2,
dbo.tbl_refer.image,
dbo.tbl_refer.email,
dbo.tbl_refer.memo,
dbo.tbl_refer.type_id,
dbo.tbl_refer.logger_id,
dbo.tbl_refer.status,
dbo.tbl_refer.location_id,
dbo.tbl_refer_type.type,
dbo.tbl_name.name

FROM
dbo.tbl_refer
INNER JOIN dbo.tbl_refer_type ON dbo.tbl_refer.type_id = dbo.tbl_refer_type.id
INNER JOIN dbo.tbl_name ON dbo.tbl_refer.name_id = dbo.tbl_name.id
GO


-- ----------------------------
-- View structure for viewUsers
-- ----------------------------
IF EXISTS (SELECT * FROM sys.all_objects WHERE object_id = OBJECT_ID(N'[dbo].[viewUsers]') AND type IN ('V'))
	DROP VIEW [dbo].[viewUsers]
GO

CREATE VIEW [dbo].[viewUsers] AS SELECT
dbo.tbl_user.id,
dbo.tbl_name.name,
dbo.tbl_user.username,
dbo.tbl_user.password,
dbo.tbl_user.created_date,
dbo.tbl_user.role_id

FROM
dbo.tbl_name
INNER JOIN dbo.tbl_user ON dbo.tbl_user.fullname_id = dbo.tbl_name.id
GO


-- ----------------------------
-- Procedure structure for testFunc
-- ----------------------------
IF EXISTS (SELECT * FROM sys.all_objects WHERE object_id = OBJECT_ID(N'[dbo].[testFunc]') AND type IN ('P', 'PC', 'RF', 'X'))
	DROP PROCEDURE[dbo].[testFunc]
GO

CREATE PROCEDURE [dbo].[testFunc]
AS
BEGIN
	SELECT 'Hello World' AS test;
END
GO


-- ----------------------------
-- Procedure structure for sp_upgraddiagrams
-- ----------------------------
IF EXISTS (SELECT * FROM sys.all_objects WHERE object_id = OBJECT_ID(N'[dbo].[sp_upgraddiagrams]') AND type IN ('P', 'PC', 'RF', 'X'))
	DROP PROCEDURE[dbo].[sp_upgraddiagrams]
GO

CREATE PROCEDURE [dbo].[sp_upgraddiagrams]
	AS
	BEGIN
		IF OBJECT_ID(N'dbo.sysdiagrams') IS NOT NULL
			return 0;
	
		CREATE TABLE dbo.sysdiagrams
		(
			name sysname NOT NULL,
			principal_id int NOT NULL,	-- we may change it to varbinary(85)
			diagram_id int PRIMARY KEY IDENTITY,
			version int,
	
			definition varbinary(max)
			CONSTRAINT UK_principal_name UNIQUE
			(
				principal_id,
				name
			)
		);


		/* Add this if we need to have some form of extended properties for diagrams */
		/*
		IF OBJECT_ID(N'dbo.sysdiagram_properties') IS NULL
		BEGIN
			CREATE TABLE dbo.sysdiagram_properties
			(
				diagram_id int,
				name sysname,
				value varbinary(max) NOT NULL
			)
		END
		*/

		IF OBJECT_ID(N'dbo.dtproperties') IS NOT NULL
		begin
			insert into dbo.sysdiagrams
			(
				[name],
				[principal_id],
				[version],
				[definition]
			)
			select	 
				convert(sysname, dgnm.[uvalue]),
				DATABASE_PRINCIPAL_ID(N'dbo'),			-- will change to the sid of sa
				0,							-- zero for old format, dgdef.[version],
				dgdef.[lvalue]
			from dbo.[dtproperties] dgnm
				inner join dbo.[dtproperties] dggd on dggd.[property] = 'DtgSchemaGUID' and dggd.[objectid] = dgnm.[objectid]	
				inner join dbo.[dtproperties] dgdef on dgdef.[property] = 'DtgSchemaDATA' and dgdef.[objectid] = dgnm.[objectid]
				
			where dgnm.[property] = 'DtgSchemaNAME' and dggd.[uvalue] like N'_EA3E6268-D998-11CE-9454-00AA00A3F36E_' 
			return 2;
		end
		return 1;
	END
GO


-- ----------------------------
-- Procedure structure for sp_helpdiagrams
-- ----------------------------
IF EXISTS (SELECT * FROM sys.all_objects WHERE object_id = OBJECT_ID(N'[dbo].[sp_helpdiagrams]') AND type IN ('P', 'PC', 'RF', 'X'))
	DROP PROCEDURE[dbo].[sp_helpdiagrams]
GO

CREATE PROCEDURE [dbo].[sp_helpdiagrams]
	(
		@diagramname sysname = NULL,
		@owner_id int = NULL
	)
	WITH EXECUTE AS N'dbo'
	AS
	BEGIN
		DECLARE @user sysname
		DECLARE @dboLogin bit
		EXECUTE AS CALLER;
			SET @user = USER_NAME();
			SET @dboLogin = CONVERT(bit,IS_MEMBER('db_owner'));
		REVERT;
		SELECT
			[Database] = DB_NAME(),
			[Name] = name,
			[ID] = diagram_id,
			[Owner] = USER_NAME(principal_id),
			[OwnerID] = principal_id
		FROM
			sysdiagrams
		WHERE
			(@dboLogin = 1 OR USER_NAME(principal_id) = @user) AND
			(@diagramname IS NULL OR name = @diagramname) AND
			(@owner_id IS NULL OR principal_id = @owner_id)
		ORDER BY
			4, 5, 1
	END
GO


-- ----------------------------
-- Procedure structure for sp_helpdiagramdefinition
-- ----------------------------
IF EXISTS (SELECT * FROM sys.all_objects WHERE object_id = OBJECT_ID(N'[dbo].[sp_helpdiagramdefinition]') AND type IN ('P', 'PC', 'RF', 'X'))
	DROP PROCEDURE[dbo].[sp_helpdiagramdefinition]
GO

CREATE PROCEDURE [dbo].[sp_helpdiagramdefinition]
	(
		@diagramname 	sysname,
		@owner_id	int	= null 		
	)
	WITH EXECUTE AS N'dbo'
	AS
	BEGIN
		set nocount on

		declare @theId 		int
		declare @IsDbo 		int
		declare @DiagId		int
		declare @UIDFound	int
	
		if(@diagramname is null)
		begin
			RAISERROR (N'E_INVALIDARG', 16, 1);
			return -1
		end
	
		execute as caller;
		select @theId = DATABASE_PRINCIPAL_ID();
		select @IsDbo = IS_MEMBER(N'db_owner');
		if(@owner_id is null)
			select @owner_id = @theId;
		revert; 
	
		select @DiagId = diagram_id, @UIDFound = principal_id from dbo.sysdiagrams where principal_id = @owner_id and name = @diagramname;
		if(@DiagId IS NULL or (@IsDbo = 0 and @UIDFound <> @theId ))
		begin
			RAISERROR ('Diagram does not exist or you do not have permission.', 16, 1);
			return -3
		end

		select version, definition FROM dbo.sysdiagrams where diagram_id = @DiagId ; 
		return 0
	END
GO


-- ----------------------------
-- Procedure structure for sp_creatediagram
-- ----------------------------
IF EXISTS (SELECT * FROM sys.all_objects WHERE object_id = OBJECT_ID(N'[dbo].[sp_creatediagram]') AND type IN ('P', 'PC', 'RF', 'X'))
	DROP PROCEDURE[dbo].[sp_creatediagram]
GO

CREATE PROCEDURE [dbo].[sp_creatediagram]
	(
		@diagramname 	sysname,
		@owner_id		int	= null, 	
		@version 		int,
		@definition 	varbinary(max)
	)
	WITH EXECUTE AS 'dbo'
	AS
	BEGIN
		set nocount on
	
		declare @theId int
		declare @retval int
		declare @IsDbo	int
		declare @userName sysname
		if(@version is null or @diagramname is null)
		begin
			RAISERROR (N'E_INVALIDARG', 16, 1);
			return -1
		end
	
		execute as caller;
		select @theId = DATABASE_PRINCIPAL_ID(); 
		select @IsDbo = IS_MEMBER(N'db_owner');
		revert; 
		
		if @owner_id is null
		begin
			select @owner_id = @theId;
		end
		else
		begin
			if @theId <> @owner_id
			begin
				if @IsDbo = 0
				begin
					RAISERROR (N'E_INVALIDARG', 16, 1);
					return -1
				end
				select @theId = @owner_id
			end
		end
		-- next 2 line only for test, will be removed after define name unique
		if EXISTS(select diagram_id from dbo.sysdiagrams where principal_id = @theId and name = @diagramname)
		begin
			RAISERROR ('The name is already used.', 16, 1);
			return -2
		end
	
		insert into dbo.sysdiagrams(name, principal_id , version, definition)
				VALUES(@diagramname, @theId, @version, @definition) ;
		
		select @retval = @@IDENTITY 
		return @retval
	END
GO


-- ----------------------------
-- Procedure structure for sp_renamediagram
-- ----------------------------
IF EXISTS (SELECT * FROM sys.all_objects WHERE object_id = OBJECT_ID(N'[dbo].[sp_renamediagram]') AND type IN ('P', 'PC', 'RF', 'X'))
	DROP PROCEDURE[dbo].[sp_renamediagram]
GO

CREATE PROCEDURE [dbo].[sp_renamediagram]
	(
		@diagramname 		sysname,
		@owner_id		int	= null,
		@new_diagramname	sysname
	
	)
	WITH EXECUTE AS 'dbo'
	AS
	BEGIN
		set nocount on
		declare @theId 			int
		declare @IsDbo 			int
		
		declare @UIDFound 		int
		declare @DiagId			int
		declare @DiagIdTarg		int
		declare @u_name			sysname
		if((@diagramname is null) or (@new_diagramname is null))
		begin
			RAISERROR ('Invalid value', 16, 1);
			return -1
		end
	
		EXECUTE AS CALLER;
		select @theId = DATABASE_PRINCIPAL_ID();
		select @IsDbo = IS_MEMBER(N'db_owner'); 
		if(@owner_id is null)
			select @owner_id = @theId;
		REVERT;
	
		select @u_name = USER_NAME(@owner_id)
	
		select @DiagId = diagram_id, @UIDFound = principal_id from dbo.sysdiagrams where principal_id = @owner_id and name = @diagramname 
		if(@DiagId IS NULL or (@IsDbo = 0 and @UIDFound <> @theId))
		begin
			RAISERROR ('Diagram does not exist or you do not have permission.', 16, 1)
			return -3
		end
	
		-- if((@u_name is not null) and (@new_diagramname = @diagramname))	-- nothing will change
		--	return 0;
	
		if(@u_name is null)
			select @DiagIdTarg = diagram_id from dbo.sysdiagrams where principal_id = @theId and name = @new_diagramname
		else
			select @DiagIdTarg = diagram_id from dbo.sysdiagrams where principal_id = @owner_id and name = @new_diagramname
	
		if((@DiagIdTarg is not null) and  @DiagId <> @DiagIdTarg)
		begin
			RAISERROR ('The name is already used.', 16, 1);
			return -2
		end		
	
		if(@u_name is null)
			update dbo.sysdiagrams set [name] = @new_diagramname, principal_id = @theId where diagram_id = @DiagId
		else
			update dbo.sysdiagrams set [name] = @new_diagramname where diagram_id = @DiagId
		return 0
	END
GO


-- ----------------------------
-- Procedure structure for sp_alterdiagram
-- ----------------------------
IF EXISTS (SELECT * FROM sys.all_objects WHERE object_id = OBJECT_ID(N'[dbo].[sp_alterdiagram]') AND type IN ('P', 'PC', 'RF', 'X'))
	DROP PROCEDURE[dbo].[sp_alterdiagram]
GO

CREATE PROCEDURE [dbo].[sp_alterdiagram]
	(
		@diagramname 	sysname,
		@owner_id	int	= null,
		@version 	int,
		@definition 	varbinary(max)
	)
	WITH EXECUTE AS 'dbo'
	AS
	BEGIN
		set nocount on
	
		declare @theId 			int
		declare @retval 		int
		declare @IsDbo 			int
		
		declare @UIDFound 		int
		declare @DiagId			int
		declare @ShouldChangeUID	int
	
		if(@diagramname is null)
		begin
			RAISERROR ('Invalid ARG', 16, 1)
			return -1
		end
	
		execute as caller;
		select @theId = DATABASE_PRINCIPAL_ID();	 
		select @IsDbo = IS_MEMBER(N'db_owner'); 
		if(@owner_id is null)
			select @owner_id = @theId;
		revert;
	
		select @ShouldChangeUID = 0
		select @DiagId = diagram_id, @UIDFound = principal_id from dbo.sysdiagrams where principal_id = @owner_id and name = @diagramname 
		
		if(@DiagId IS NULL or (@IsDbo = 0 and @theId <> @UIDFound))
		begin
			RAISERROR ('Diagram does not exist or you do not have permission.', 16, 1);
			return -3
		end
	
		if(@IsDbo <> 0)
		begin
			if(@UIDFound is null or USER_NAME(@UIDFound) is null) -- invalid principal_id
			begin
				select @ShouldChangeUID = 1 ;
			end
		end

		-- update dds data			
		update dbo.sysdiagrams set definition = @definition where diagram_id = @DiagId ;

		-- change owner
		if(@ShouldChangeUID = 1)
			update dbo.sysdiagrams set principal_id = @theId where diagram_id = @DiagId ;

		-- update dds version
		if(@version is not null)
			update dbo.sysdiagrams set version = @version where diagram_id = @DiagId ;

		return 0
	END
GO


-- ----------------------------
-- Procedure structure for sp_dropdiagram
-- ----------------------------
IF EXISTS (SELECT * FROM sys.all_objects WHERE object_id = OBJECT_ID(N'[dbo].[sp_dropdiagram]') AND type IN ('P', 'PC', 'RF', 'X'))
	DROP PROCEDURE[dbo].[sp_dropdiagram]
GO

CREATE PROCEDURE [dbo].[sp_dropdiagram]
	(
		@diagramname 	sysname,
		@owner_id	int	= null
	)
	WITH EXECUTE AS 'dbo'
	AS
	BEGIN
		set nocount on
		declare @theId 			int
		declare @IsDbo 			int
		
		declare @UIDFound 		int
		declare @DiagId			int
	
		if(@diagramname is null)
		begin
			RAISERROR ('Invalid value', 16, 1);
			return -1
		end
	
		EXECUTE AS CALLER;
		select @theId = DATABASE_PRINCIPAL_ID();
		select @IsDbo = IS_MEMBER(N'db_owner'); 
		if(@owner_id is null)
			select @owner_id = @theId;
		REVERT; 
		
		select @DiagId = diagram_id, @UIDFound = principal_id from dbo.sysdiagrams where principal_id = @owner_id and name = @diagramname 
		if(@DiagId IS NULL or (@IsDbo = 0 and @UIDFound <> @theId))
		begin
			RAISERROR ('Diagram does not exist or you do not have permission.', 16, 1)
			return -3
		end
	
		delete from dbo.sysdiagrams where diagram_id = @DiagId;
	
		return 0;
	END
GO


-- ----------------------------
-- Function structure for fn_diagramobjects
-- ----------------------------
IF EXISTS (SELECT * FROM sys.all_objects WHERE object_id = OBJECT_ID(N'[dbo].[fn_diagramobjects]') AND type IN ('FN', 'FS', 'FT', 'IF', 'TF'))
	DROP FUNCTION[dbo].[fn_diagramobjects]
GO

CREATE FUNCTION [dbo].[fn_diagramobjects]() 
	RETURNS int
	WITH EXECUTE AS N'dbo'
	AS
	BEGIN
		declare @id_upgraddiagrams		int
		declare @id_sysdiagrams			int
		declare @id_helpdiagrams		int
		declare @id_helpdiagramdefinition	int
		declare @id_creatediagram	int
		declare @id_renamediagram	int
		declare @id_alterdiagram 	int 
		declare @id_dropdiagram		int
		declare @InstalledObjects	int

		select @InstalledObjects = 0

		select 	@id_upgraddiagrams = object_id(N'dbo.sp_upgraddiagrams'),
			@id_sysdiagrams = object_id(N'dbo.sysdiagrams'),
			@id_helpdiagrams = object_id(N'dbo.sp_helpdiagrams'),
			@id_helpdiagramdefinition = object_id(N'dbo.sp_helpdiagramdefinition'),
			@id_creatediagram = object_id(N'dbo.sp_creatediagram'),
			@id_renamediagram = object_id(N'dbo.sp_renamediagram'),
			@id_alterdiagram = object_id(N'dbo.sp_alterdiagram'), 
			@id_dropdiagram = object_id(N'dbo.sp_dropdiagram')

		if @id_upgraddiagrams is not null
			select @InstalledObjects = @InstalledObjects + 1
		if @id_sysdiagrams is not null
			select @InstalledObjects = @InstalledObjects + 2
		if @id_helpdiagrams is not null
			select @InstalledObjects = @InstalledObjects + 4
		if @id_helpdiagramdefinition is not null
			select @InstalledObjects = @InstalledObjects + 8
		if @id_creatediagram is not null
			select @InstalledObjects = @InstalledObjects + 16
		if @id_renamediagram is not null
			select @InstalledObjects = @InstalledObjects + 32
		if @id_alterdiagram  is not null
			select @InstalledObjects = @InstalledObjects + 64
		if @id_dropdiagram is not null
			select @InstalledObjects = @InstalledObjects + 128
		
		return @InstalledObjects 
	END
GO


-- ----------------------------
-- Procedure structure for InsertLocation
-- ----------------------------
IF EXISTS (SELECT * FROM sys.all_objects WHERE object_id = OBJECT_ID(N'[dbo].[InsertLocation]') AND type IN ('P', 'PC', 'RF', 'X'))
	DROP PROCEDURE[dbo].[InsertLocation]
GO

CREATE PROCEDURE [dbo].[InsertLocation] @name NVARCHAR ( 50 ),
@ref_id INT AS BEGIN
DECLARE
	@bool INT;

SET @bool = ( SELECT id FROM tbl_location WHERE [name] =@name );
IF
	@bool > 0 BEGIN
	SELECT
		@bool;
	
	END ELSE BEGIN
		INSERT INTO tbl_location ( name, refer_id )
	VALUES
		( @name,@ref_id );
	SELECT
		IDENT_CURRENT( 'tbl_location' );
	
END 
END
GO


-- ----------------------------
-- Procedure structure for InsertRefer
-- ----------------------------
IF EXISTS (SELECT * FROM sys.all_objects WHERE object_id = OBJECT_ID(N'[dbo].[InsertRefer]') AND type IN ('P', 'PC', 'RF', 'X'))
	DROP PROCEDURE[dbo].[InsertRefer]
GO

CREATE PROCEDURE [dbo].[InsertRefer]
( @name_id INT,
@owner_id INT,
@tel_1 VARCHAR(15), 
@tel_2 VARCHAR(15), 
@image NVARCHAR(50), 
@email VARCHAR(50), 
@memo NVARCHAR(255), 
@type_id INT, 
@logger_id INT,
@loc_id INT
)
AS
BEGIN

	INSERT INTO tbl_refer(name_id, owner_id, created_date, tel_1, tel_2, image, email, memo, type_id, logger_id, status, location_id) VALUES(@name_id, @owner_id, GETDATE(), @tel_1, @tel_2, @image, @email, @memo, @type_id, @logger_id, 1, @loc_id);
	
END
GO


-- ----------------------------
-- Procedure structure for checkName
-- ----------------------------
IF EXISTS (SELECT * FROM sys.all_objects WHERE object_id = OBJECT_ID(N'[dbo].[checkName]') AND type IN ('P', 'PC', 'RF', 'X'))
	DROP PROCEDURE[dbo].[checkName]
GO

CREATE PROCEDURE [dbo].[checkName]
( 
@name NVARCHAR(50)
)
AS
BEGIN
	DECLARE @id INT;
	SET @id = (SELECT NULLIF([id], 0) FROM tbl_name WHERE [name] = @name);
	IF @id>0 BEGIN
	SELECT @id AS [id];
END
ELSE BEGIN
	INSERT INTO tbl_name(name) VALUES(@name);
	SELECT IDENT_CURRENT('tbl_name') AS [id];
END

END
GO


-- ----------------------------
-- Procedure structure for InsertMom
-- ----------------------------
IF EXISTS (SELECT * FROM sys.all_objects WHERE object_id = OBJECT_ID(N'[dbo].[InsertMom]') AND type IN ('P', 'PC', 'RF', 'X'))
	DROP PROCEDURE[dbo].[InsertMom]
GO

CREATE PROCEDURE [dbo].[InsertMom]
(
@name_id INT,
@exp_date DATE,
@tel_1 VARCHAR(15),
@tel_2 VARCHAR(15),
@email VARCHAR(50),
@fb NVARCHAR(50),
@logger_id INT,
@refer_id INT,
@location_id INT
)
AS
BEGIN

	INSERT INTO tbl_mom(name_id, created_date, expected_date, tel_1, tel_2, email, fb, logger_id, status, refer_id, location_id)
	VALUES(@name_id, GETDATE(), @exp_date, @tel_1, @tel_2, @email, @fb, @logger_id, 1, @refer_id, @location_id);
	
END
GO


-- ----------------------------
-- Procedure structure for InsertKid
-- ----------------------------
IF EXISTS (SELECT * FROM sys.all_objects WHERE object_id = OBJECT_ID(N'[dbo].[InsertKid]') AND type IN ('P', 'PC', 'RF', 'X'))
	DROP PROCEDURE[dbo].[InsertKid]
GO

CREATE PROCEDURE [dbo].[InsertKid]
(
@name_id INT,
@sex SMALLINT,
@dob DATE,
@ord SMALLINT,
@mom_id INT
)
AS
BEGIN

	INSERT INTO tbl_kid(name_id, sex, dob, [order], mom_id)
	VALUES(@name_id, @sex, @dob, @ord, @mom_id);
	
END
GO


-- ----------------------------
-- Procedure structure for InsertMomData
-- ----------------------------
IF EXISTS (SELECT * FROM sys.all_objects WHERE object_id = OBJECT_ID(N'[dbo].[InsertMomData]') AND type IN ('P', 'PC', 'RF', 'X'))
	DROP PROCEDURE[dbo].[InsertMomData]
GO

CREATE PROCEDURE [dbo].[InsertMomData]
(
@insert_to VARCHAR(5),
@mom_idORkid_id INT,
@pro_id INT,
@why NVARCHAR(255),
@memo NVARCHAR(255),
@caller_id INT,
@call_status SMALLINT
)
AS
BEGIN
	
	IF @insert_to = 'mom' BEGIN
		INSERT INTO tbl_pregnent(mom_id, pro_id, created_date, why, memo, caller_id, call_status) VALUES(@mom_idORkid_id, @pro_id, GETDATE(), @why, @memo, @caller_id, @call_status);
END
ELSE BEGIN
	INSERT INTO tbl_mdata(kid_id, pro_id, created_date, why, memo, caller_id, call_status) VALUES(@mom_idORkid_id, @pro_id, GETDATE(), @why, @memo, @caller_id, @call_status);
END

	
END
GO


-- ----------------------------
-- Procedure structure for InsertProduct
-- ----------------------------
IF EXISTS (SELECT * FROM sys.all_objects WHERE object_id = OBJECT_ID(N'[dbo].[InsertProduct]') AND type IN ('P', 'PC', 'RF', 'X'))
	DROP PROCEDURE[dbo].[InsertProduct]
GO

CREATE PROCEDURE [dbo].[InsertProduct]
(
@name NVARCHAR(50),
@description NVARCHAR(100),
@owner SMALLINT,
@lvl VARCHAR(5)
)
AS
BEGIN
	INSERT INTO tbl_product(name, description, owner, status, [level])
	VALUES(@name, @description, @owner, 1, @lvl);
END
GO


-- ----------------------------
-- Procedure structure for InsertUser
-- ----------------------------
IF EXISTS (SELECT * FROM sys.all_objects WHERE object_id = OBJECT_ID(N'[dbo].[InsertUser]') AND type IN ('P', 'PC', 'RF', 'X'))
	DROP PROCEDURE[dbo].[InsertUser]
GO

CREATE PROCEDURE [dbo].[InsertUser]
(
@fullname_id INT,
@username VARCHAR(30),
@password VARCHAR(35),
@role_id SMALLINT
)
AS
BEGIN
	 INSERT INTO tbl_user(fullname_id, username, password, created_date, role_id)
	 VALUES(@fullname_id, @username, @password, GETDATE(), @role_id);
END
GO


-- ----------------------------
-- Procedure structure for CheckDatePreg
-- ----------------------------
IF EXISTS (SELECT * FROM sys.all_objects WHERE object_id = OBJECT_ID(N'[dbo].[CheckDatePreg]') AND type IN ('P', 'PC', 'RF', 'X'))
	DROP PROCEDURE[dbo].[CheckDatePreg]
GO

CREATE PROCEDURE [dbo].[CheckDatePreg](
  @momID AS int ,
	@num as int,
  @type AS varchar(50)='month'
	)
AS
BEGIN
	-- routine body goes here, e.g.
	-- SELECT 'Navicat for SQL Server'
DECLARE @status as int =(Select top 1 call_status from viewAllCall where mom_id=@momID ORDER BY created_date desc);

IF @status!=2 BEGIN
	DECLARE @lastdate as int =(Select top 1 call_status from viewAllCall where mom_id=@momID ORDER BY created_date desc);
	declare @duration as int ;
	IF @type!='month' BEGIN
	set @duration=@num;
END
ELSE BEGIN
	set @duration= DATEDIFF(day, @lastdate, DATEADD(month, -@num, @lastdate));
END
IF GETDATE()>DATEADD(day, -@duration, @lastdate) BEGIN
select 1;
END
ELSE begin
select 0;
end
END
END
GO


-- ----------------------------
-- Primary Key structure for table tbl_kid
-- ----------------------------
ALTER TABLE [dbo].[tbl_kid] ADD CONSTRAINT [PK__tbl_kid__3213E83F59C4085F] PRIMARY KEY CLUSTERED ([id])
WITH (PAD_INDEX = OFF, STATISTICS_NORECOMPUTE = OFF, IGNORE_DUP_KEY = OFF, ALLOW_ROW_LOCKS = ON, ALLOW_PAGE_LOCKS = ON)  
ON [PRIMARY]
GO


-- ----------------------------
-- Primary Key structure for table tbl_location
-- ----------------------------
ALTER TABLE [dbo].[tbl_location] ADD CONSTRAINT [PK__tbl_loca__3213E83F351EDA11] PRIMARY KEY CLUSTERED ([id])
WITH (PAD_INDEX = OFF, STATISTICS_NORECOMPUTE = OFF, IGNORE_DUP_KEY = OFF, ALLOW_ROW_LOCKS = ON, ALLOW_PAGE_LOCKS = ON)  
ON [PRIMARY]
GO


-- ----------------------------
-- Primary Key structure for table tbl_mdata
-- ----------------------------
ALTER TABLE [dbo].[tbl_mdata] ADD CONSTRAINT [PK__tbl_mdat__3213E83FE68D59C6] PRIMARY KEY CLUSTERED ([id])
WITH (PAD_INDEX = OFF, STATISTICS_NORECOMPUTE = OFF, IGNORE_DUP_KEY = OFF, ALLOW_ROW_LOCKS = ON, ALLOW_PAGE_LOCKS = ON)  
ON [PRIMARY]
GO


-- ----------------------------
-- Primary Key structure for table tbl_mom
-- ----------------------------
ALTER TABLE [dbo].[tbl_mom] ADD CONSTRAINT [PK__tbl_mom__3213E83F3598543E] PRIMARY KEY CLUSTERED ([id])
WITH (PAD_INDEX = OFF, STATISTICS_NORECOMPUTE = OFF, IGNORE_DUP_KEY = OFF, ALLOW_ROW_LOCKS = ON, ALLOW_PAGE_LOCKS = ON)  
ON [PRIMARY]
GO


-- ----------------------------
-- Uniques structure for table tbl_name
-- ----------------------------
ALTER TABLE [dbo].[tbl_name] ADD CONSTRAINT [UQ__tbl_name__72E12F1BF089DA77] UNIQUE NONCLUSTERED ([name] ASC)
WITH (PAD_INDEX = OFF, STATISTICS_NORECOMPUTE = OFF, IGNORE_DUP_KEY = OFF, ALLOW_ROW_LOCKS = ON, ALLOW_PAGE_LOCKS = ON)  
ON [PRIMARY]
GO


-- ----------------------------
-- Primary Key structure for table tbl_name
-- ----------------------------
ALTER TABLE [dbo].[tbl_name] ADD CONSTRAINT [PK__tbl_name__3213E83F3F5CAE0A] PRIMARY KEY CLUSTERED ([id])
WITH (PAD_INDEX = OFF, STATISTICS_NORECOMPUTE = OFF, IGNORE_DUP_KEY = OFF, ALLOW_ROW_LOCKS = ON, ALLOW_PAGE_LOCKS = ON)  
ON [PRIMARY]
GO


-- ----------------------------
-- Primary Key structure for table tbl_pregnent
-- ----------------------------
ALTER TABLE [dbo].[tbl_pregnent] ADD CONSTRAINT [PK__tbl_preg__3213E83F886A20C5] PRIMARY KEY CLUSTERED ([id])
WITH (PAD_INDEX = OFF, STATISTICS_NORECOMPUTE = OFF, IGNORE_DUP_KEY = OFF, ALLOW_ROW_LOCKS = ON, ALLOW_PAGE_LOCKS = ON)  
ON [PRIMARY]
GO


-- ----------------------------
-- Primary Key structure for table tbl_product
-- ----------------------------
ALTER TABLE [dbo].[tbl_product] ADD CONSTRAINT [PK__tbl_prod__3213E83F0BEFAC37] PRIMARY KEY CLUSTERED ([id])
WITH (PAD_INDEX = OFF, STATISTICS_NORECOMPUTE = OFF, IGNORE_DUP_KEY = OFF, ALLOW_ROW_LOCKS = ON, ALLOW_PAGE_LOCKS = ON)  
ON [PRIMARY]
GO


-- ----------------------------
-- Primary Key structure for table tbl_refer
-- ----------------------------
ALTER TABLE [dbo].[tbl_refer] ADD CONSTRAINT [PK__tbl_refe__3213E83FA59D9A0E] PRIMARY KEY CLUSTERED ([id])
WITH (PAD_INDEX = OFF, STATISTICS_NORECOMPUTE = OFF, IGNORE_DUP_KEY = OFF, ALLOW_ROW_LOCKS = ON, ALLOW_PAGE_LOCKS = ON)  
ON [PRIMARY]
GO


-- ----------------------------
-- Primary Key structure for table tbl_refer_type
-- ----------------------------
ALTER TABLE [dbo].[tbl_refer_type] ADD CONSTRAINT [PK__tbl_refe__3213E83F76C88467] PRIMARY KEY CLUSTERED ([id])
WITH (PAD_INDEX = OFF, STATISTICS_NORECOMPUTE = OFF, IGNORE_DUP_KEY = OFF, ALLOW_ROW_LOCKS = ON, ALLOW_PAGE_LOCKS = ON)  
ON [PRIMARY]
GO


-- ----------------------------
-- Uniques structure for table tbl_user
-- ----------------------------
ALTER TABLE [dbo].[tbl_user] ADD CONSTRAINT [UQ__tbl_user__F3DBC5726F5C06D7] UNIQUE NONCLUSTERED ([username] ASC)
WITH (PAD_INDEX = OFF, STATISTICS_NORECOMPUTE = OFF, IGNORE_DUP_KEY = OFF, ALLOW_ROW_LOCKS = ON, ALLOW_PAGE_LOCKS = ON)  
ON [PRIMARY]
GO


-- ----------------------------
-- Primary Key structure for table tbl_user
-- ----------------------------
ALTER TABLE [dbo].[tbl_user] ADD CONSTRAINT [PK__tbl_user__3213E83FA19C2983] PRIMARY KEY CLUSTERED ([id])
WITH (PAD_INDEX = OFF, STATISTICS_NORECOMPUTE = OFF, IGNORE_DUP_KEY = OFF, ALLOW_ROW_LOCKS = ON, ALLOW_PAGE_LOCKS = ON)  
ON [PRIMARY]
GO


-- ----------------------------
-- Foreign Keys structure for table tbl_kid
-- ----------------------------
ALTER TABLE [dbo].[tbl_kid] ADD CONSTRAINT [FK__tbl_kid__name_id__17F790F9] FOREIGN KEY ([name_id]) REFERENCES [dbo].[tbl_name] ([id]) ON DELETE NO ACTION ON UPDATE NO ACTION
GO

ALTER TABLE [dbo].[tbl_kid] ADD CONSTRAINT [fk_tbl_kid_tbl_mom_1] FOREIGN KEY ([mom_id]) REFERENCES [dbo].[tbl_mom] ([id]) ON DELETE NO ACTION ON UPDATE NO ACTION
GO


-- ----------------------------
-- Foreign Keys structure for table tbl_mdata
-- ----------------------------
ALTER TABLE [dbo].[tbl_mdata] ADD CONSTRAINT [fk_tbl_mdata_tbl_user_1] FOREIGN KEY ([caller_id]) REFERENCES [dbo].[tbl_user] ([id]) ON DELETE NO ACTION ON UPDATE NO ACTION
GO

ALTER TABLE [dbo].[tbl_mdata] ADD CONSTRAINT [fk_tbl_mdata_tbl_kid_1] FOREIGN KEY ([kid_id]) REFERENCES [dbo].[tbl_kid] ([id]) ON DELETE NO ACTION ON UPDATE NO ACTION
GO

ALTER TABLE [dbo].[tbl_mdata] ADD CONSTRAINT [fk_tbl_mdata_tbl_product_1] FOREIGN KEY ([pro_id]) REFERENCES [dbo].[tbl_product] ([id]) ON DELETE NO ACTION ON UPDATE NO ACTION
GO


-- ----------------------------
-- Foreign Keys structure for table tbl_mom
-- ----------------------------
ALTER TABLE [dbo].[tbl_mom] ADD CONSTRAINT [fk_tbl_mom_tbl_location_1] FOREIGN KEY ([location_id]) REFERENCES [dbo].[tbl_location] ([id]) ON DELETE NO ACTION ON UPDATE NO ACTION
GO

ALTER TABLE [dbo].[tbl_mom] ADD CONSTRAINT [FK__tbl_mom__name_id__18EBB532] FOREIGN KEY ([name_id]) REFERENCES [dbo].[tbl_name] ([id]) ON DELETE NO ACTION ON UPDATE NO ACTION
GO

ALTER TABLE [dbo].[tbl_mom] ADD CONSTRAINT [fk_tbl_mom_tbl_refer_1] FOREIGN KEY ([refer_id]) REFERENCES [dbo].[tbl_refer] ([id]) ON DELETE NO ACTION ON UPDATE NO ACTION
GO

ALTER TABLE [dbo].[tbl_mom] ADD CONSTRAINT [fk_tbl_mom_tbl_user_1] FOREIGN KEY ([logger_id]) REFERENCES [dbo].[tbl_user] ([id]) ON DELETE NO ACTION ON UPDATE NO ACTION
GO


-- ----------------------------
-- Foreign Keys structure for table tbl_pregnent
-- ----------------------------
ALTER TABLE [dbo].[tbl_pregnent] ADD CONSTRAINT [fk_tbl_pregnent_tbl_mom_1] FOREIGN KEY ([mom_id]) REFERENCES [dbo].[tbl_mom] ([id]) ON DELETE NO ACTION ON UPDATE NO ACTION
GO

ALTER TABLE [dbo].[tbl_pregnent] ADD CONSTRAINT [fk_tbl_pregnent_tbl_product_1] FOREIGN KEY ([pro_id]) REFERENCES [dbo].[tbl_product] ([id]) ON DELETE NO ACTION ON UPDATE NO ACTION
GO

ALTER TABLE [dbo].[tbl_pregnent] ADD CONSTRAINT [fk_tbl_pregnent_tbl_user_1] FOREIGN KEY ([caller_id]) REFERENCES [dbo].[tbl_user] ([id]) ON DELETE NO ACTION ON UPDATE NO ACTION
GO


-- ----------------------------
-- Foreign Keys structure for table tbl_refer
-- ----------------------------
ALTER TABLE [dbo].[tbl_refer] ADD CONSTRAINT [fk_tbl_refer_tbl_location_1] FOREIGN KEY ([location_id]) REFERENCES [dbo].[tbl_location] ([id]) ON DELETE NO ACTION ON UPDATE NO ACTION
GO

ALTER TABLE [dbo].[tbl_refer] ADD CONSTRAINT [FK__tbl_refer__name___160F4887] FOREIGN KEY ([name_id]) REFERENCES [dbo].[tbl_name] ([id]) ON DELETE NO ACTION ON UPDATE NO ACTION
GO

ALTER TABLE [dbo].[tbl_refer] ADD CONSTRAINT [fk_tbl_refer_tbl_refer_type_1] FOREIGN KEY ([type_id]) REFERENCES [dbo].[tbl_refer_type] ([id]) ON DELETE NO ACTION ON UPDATE NO ACTION
GO

ALTER TABLE [dbo].[tbl_refer] ADD CONSTRAINT [fk_tbl_refer_tbl_user_1] FOREIGN KEY ([logger_id]) REFERENCES [dbo].[tbl_user] ([id]) ON DELETE NO ACTION ON UPDATE NO ACTION
GO


-- ----------------------------
-- Foreign Keys structure for table tbl_user
-- ----------------------------
ALTER TABLE [dbo].[tbl_user] ADD CONSTRAINT [FK__tbl_user__fullna__17036CC0] FOREIGN KEY ([fullname_id]) REFERENCES [dbo].[tbl_name] ([id]) ON DELETE NO ACTION ON UPDATE NO ACTION
GO

